{"stats":{"minecraft:mined":{"minecraft:grass_block":2,"minecraft:oak_log":19,"minecraft:dirt":2},"minecraft:crafted":{"minecraft:oak_planks":76,"minecraft:crafting_table":1,"minecraft:wooden_pickaxe":1,"minecraft:wooden_axe":1},"minecraft:dropped":{"minecraft:cobweb":12,"minecraft:oak_planks":2,"minecraft:tipped_arrow":6,"minecraft:apple":1,"minecraft:tnt":2,"minecraft:birch_sapling":3,"minecraft:stick":10,"minecraft:oak_sapling":12},"minecraft:custom":{"minecraft:time_since_rest":5408,"minecraft:play_time":5408,"minecraft:sprint_one_cm":8666,"minecraft:walk_one_cm":4656,"minecraft:sneak_time":5,"minecraft:drop":19,"minecraft:jump":49,"minecraft:leave_game":1,"minecraft:time_since_death":5408,"minecraft:total_world_time":5408,"minecraft:interact_with_crafting_table":1,"minecraft:fall_one_cm":2210,"minecraft:fly_one_cm":11543},"minecraft:used":{"minecraft:dirt":4,"minecraft:crafting_table":1},"minecraft:picked_up":{"minecraft:stick":14,"minecraft:apple":1,"minecraft:oak_log":19,"minecraft:oak_sapling":12,"minecraft:birch_sapling":3,"minecraft:dirt":4}},"DataVersion":3465}