{"stats":{"minecraft:mined":{"minecraft:white_bed":3,"minecraft:dark_oak_pressure_plate":1,"minecraft:grass_block":3,"minecraft:spruce_fence":8,"minecraft:spawner":2,"quark:hollow_birch_log":8,"minecraft:hay_block":25,"minecraft:furnace":1,"minecraft:iron_ore":33,"minecraft:fire":1,"minecraft:andesite":1,"minecraft:potatoes":1,"minecraft:stone":50,"minecraft:white_tulip":1,"minecraft:white_wool":1,"minecraft:oak_slab":1,"minecraft:glass_pane":1,"minecraft:crafting_table":4,"the_pillager_legion_:legion_deep":1,"minecraft:copper_ore":21,"minecraft:tall_grass":1,"minecraft:cobblestone":14,"minecraft:lapis_ore":1,"minecraft:deepslate_copper_ore":4,"spelunkers_charm:rock_pile_3":1,"minecraft:birch_log":4,"spelunkers_charm:deepslate_rock_pile_3":4,"minecraft:spruce_log":9,"minecraft:birch_leaves":2,"minecraft:grass":3,"minecraft:coal_ore":69,"minecraft:oak_log":19,"minecraft:sand":17,"minecraft:dirt":2,"minecraft:cobweb":2,"structure_gel:dynamic_spawner":2,"minecraft:raw_copper_block":3,"minecraft:chipped_anvil":1,"minecraft:oak_leaves":3,"minecraft:deepslate":7},"minecraft:crafted":{"minecraft:oak_planks":76,"flashlight:lantern":2,"spartanweaponry:iron_katana":1,"minecraft:glass":16,"minecraft:stone_pickaxe":1,"minecraft:wheat":261,"minecraft:glass_bottle":9,"minecraft:crafting_table":2,"minecraft:wooden_pickaxe":1,"minecraft:stone_axe":1,"minecraft:bread":95,"minecraft:air":0,"minecraft:white_wool":2,"minecraft:shield":2,"minecraft:stick":12,"minecraft:wooden_axe":1,"minecraft:iron_pickaxe":1,"minecraft:white_bed":1,"minecraft:torch":28},"minecraft:killed":{"minecraft:chicken":3,"takesapillage:skirmisher":1,"the_pillager_legion_:veteran_infantryman_tpl":34,"minecraft:sheep":1,"spore:inf_human":1,"minecraft:zombie":10,"the_pillager_legion_:infantryman_tpl":18},"minecraft:killed_by":{"spore:inf_human":2,"spore:inf_player":1,"minecraft:zombie":1,"alexsmobs:grizzly_bear":1,"spore:stalker":1,"minecraft:vex":2},"minecraft:custom":{"minecraft:mob_kills":69,"minecraft:interact_with_crafting_table":18,"minecraft:open_barrel":21,"minecraft:damage_dealt_resisted":991,"minecraft:leave_game":2,"minecraft:time_since_death":9326,"minecraft:climb_one_cm":1548,"minecraft:sprint_one_cm":190852,"minecraft:walk_one_cm":196739,"minecraft:drop":74,"minecraft:play_time":109898,"minecraft:deaths":15,"minecraft:sneak_time":14442,"minecraft:walk_under_water_one_cm":5736,"minecraft:jump":1180,"minecraft:walk_on_water_one_cm":18921,"minecraft:total_world_time":109898,"minecraft:interact_with_furnace":11,"minecraft:sleep_in_bed":2,"minecraft:time_since_rest":9353,"minecraft:damage_taken":5127,"minecraft:damage_dealt":10134,"minecraft:swim_one_cm":8221,"minecraft:fly_one_cm":218437,"minecraft:open_chest":17,"minecraft:crouch_one_cm":36669,"minecraft:fall_one_cm":52403},"minecraft:dropped":{"the_pillager_legion_:legion_armor_helmet":1,"the_pillager_legion_:legion_armor_boots":2,"minecraft:wheat_seeds":1,"minecraft:oak_log":1,"minecraft:tnt":2,"minecraft:feather":3,"minecraft:cobblestone":2,"minecraft:dark_oak_pressure_plate":1,"minecraft:apple":1,"minecraft:stick":22,"minecraft:cobweb":24,"spartanweaponry:iron_battleaxe":1,"minecraft:wooden_axe":1,"minecraft:potion":3,"minecraft:bone":1,"minecraft:white_tulip":1,"minecraft:moss_carpet":5,"minecraft:birch_sapling":8,"flashlight:lantern":2,"minecraft:rotten_flesh":2,"minecraft:oak_planks":2,"minecraft:flint_and_steel":1,"minecraft:filled_map":3,"minecraft:leather_chestplate":1,"minecraft:tipped_arrow":7,"minecraft:leather_boots":1,"minecraft:oak_sapling":24,"the_pillager_legion_:legion_deep":1,"the_pillager_legion_:legion_axe_tpl":5,"minecraft:wooden_pickaxe":1},"minecraft:used":{"minecraft:iron_bars":1,"minecraft:flint_and_steel":1,"minecraft:spruce_planks":1,"minecraft:torch":19,"minecraft:dirt":5,"minecraft:spruce_fence":5,"spartanweaponry:stone_katana":48,"minecraft:iron_axe":115,"minecraft:hay_block":1,"spelunkers_charm:rock":1,"minecraft:cobbled_deepslate":8,"minecraft:water_bucket":5,"minecraft:glass_bottle":32,"minecraft:stone_pickaxe":131,"minecraft:wooden_pickaxe":5,"minecraft:mossy_cobblestone":1,"minecraft:sand":1,"minecraft:crafting_table":5,"the_pillager_legion_:legion_sword_tpl":38,"minecraft:white_bed":3,"butchersdelightfoods:legcow":1,"minecraft:apple":3,"minecraft:bread":26,"minecraft:iron_pickaxe":77,"minecraft:stone_axe":11,"minecraft:cobblestone":45,"minecraft:potion":24,"minecraft:cooked_porkchop":1,"minecraft:andesite":11,"minecraft:bucket":6},"minecraft:picked_up":{"minecraft:crafting_table":4,"butchersdelightfoods:legcow":2,"minecraft:chicken":3,"spelunkers_charm:deepslate_rock":12,"minecraft:shield":3,"spartanweaponry:iron_katana":2,"minecraft:string":3,"minecraft:dark_oak_pressure_plate":1,"minecraft:moss_carpet":5,"minecraft:raw_copper":84,"minecraft:flint_and_steel":1,"butchersdelightfoods:sheeploin":1,"minecraft:cobbled_deepslate":8,"minecraft:spruce_planks":1,"minecraft:beef":1,"minecraft:white_tulip":1,"minecraft:birch_sapling":8,"the_pillager_legion_:legion_armor_helmet":2,"minecraft:raw_copper_block":2,"minecraft:furnace":1,"minecraft:stick":27,"minecraft:raw_iron":34,"minecraft:torch":4,"minecraft:spruce_fence":5,"minecraft:rotten_flesh":2,"minecraft:hay_block":33,"the_pillager_legion_:legion_armor_boots":3,"minecraft:iron_bars":1,"minecraft:white_wool":1,"minecraft:cobblestone":64,"minecraft:birch_log":4,"minecraft:feather":3,"the_pillager_legion_:legion_sword_tpl":1,"minecraft:andesite":30,"spartanweaponry:iron_battleaxe":1,"minecraft:leather":3,"minecraft:potato":1,"minecraft:filled_map":2,"minecraft:oak_log":20,"minecraft:gunpowder":2,"minecraft:lapis_lazuli":5,"minecraft:dirt":5,"minecraft:chipped_anvil":1,"minecraft:apple":2,"minecraft:wheat_seeds":1,"minecraft:cobweb":12,"minecraft:sand":17,"minecraft:spruce_sapling":2,"minecraft:white_bed":3,"minecraft:spruce_log":9,"the_pillager_legion_:legion_axe_tpl":5,"minecraft:mossy_cobblestone":1,"quark:hollow_birch_log":8,"minecraft:oak_sapling":24,"spelunkers_charm:rock":3,"minecraft:coal":69},"minecraft:broken":{"minecraft:stone_pickaxe":1}},"DataVersion":3465}