{"stats":{"minecraft:mined":{"minecraft:white_bed":5,"minecraft:dark_oak_pressure_plate":1,"minecraft:grass_block":29,"minecraft:spruce_fence":8,"minecraft:frosted_ice":4,"minecraft:spawner":2,"quark:hollow_birch_log":8,"minecraft:hay_block":82,"minecraft:furnace":1,"minecraft:iron_ore":53,"minecraft:fire":1,"minecraft:andesite":5,"minecraft:potatoes":1,"minecraft:stone":66,"minecraft:white_tulip":1,"minecraft:white_wool":1,"minecraft:oak_slab":1,"minecraft:glass_pane":1,"quark:oak_chest":1,"minecraft:crafting_table":4,"the_pillager_legion_:legion_deep":1,"minecraft:copper_ore":21,"minecraft:tall_grass":4,"minecraft:cobblestone":15,"minecraft:lapis_ore":1,"minecraft:deepslate_copper_ore":4,"spelunkers_charm:rock_pile_3":1,"minecraft:birch_log":4,"spelunkers_charm:deepslate_rock_pile_3":4,"minecraft:spruce_log":469,"minecraft:birch_leaves":2,"minecraft:grass":15,"minecraft:coal_ore":71,"minecraft:oak_log":19,"minecraft:sand":17,"minecraft:dirt":11,"minecraft:cobweb":2,"structure_gel:dynamic_spawner":2,"minecraft:raw_copper_block":3,"minecraft:chipped_anvil":1,"minecraft:oak_leaves":3,"minecraft:deepslate":7,"minecraft:fern":3},"minecraft:crafted":{"minecraft:oak_planks":76,"flashlight:lantern":2,"spartanweaponry:iron_katana":1,"minecraft:stone":20,"minecraft:glass":16,"minecraft:spruce_stairs":48,"minecraft:stone_pickaxe":1,"minecraft:stone_bricks":20,"minecraft:wheat":801,"minecraft:glass_bottle":9,"minecraft:crafting_table":2,"minecraft:spruce_planks":72,"minecraft:wooden_pickaxe":1,"minecraft:iron_helmet":1,"minecraft:stone_axe":6,"minecraft:bread":275,"minecraft:air":0,"minecraft:potion":7,"minecraft:white_wool":2,"minecraft:shield":2,"minecraft:iron_ingot":12,"minecraft:stick":24,"quark:oak_chest":4,"minecraft:wooden_axe":1,"minecraft:iron_pickaxe":1,"minecraft:iron_leggings":1,"minecraft:white_bed":1,"minecraft:torch":28},"minecraft:killed":{"minecraft:chicken":3,"takesapillage:skirmisher":1,"the_pillager_legion_:veteran_infantryman_tpl":34,"minecraft:sheep":3,"minecraft:pillager":1,"spore:inf_human":1,"minecraft:zombie":15,"the_pillager_legion_:infantryman_tpl":18},"minecraft:killed_by":{"spore:inf_human":2,"spore:inf_player":1,"minecraft:zombie":6,"alexsmobs:grizzly_bear":1,"alexsmobs:anaconda":1,"spore:stalker":1,"minecraft:vex":2},"minecraft:custom":{"minecraft:mob_kills":77,"minecraft:interact_with_crafting_table":31,"minecraft:open_barrel":23,"minecraft:damage_dealt_resisted":1100,"minecraft:leave_game":2,"minecraft:time_since_death":35875,"minecraft:climb_one_cm":1753,"minecraft:sprint_one_cm":328415,"minecraft:walk_one_cm":306214,"minecraft:damage_blocked_by_shield":2175,"minecraft:drop":102,"minecraft:play_time":157898,"minecraft:deaths":21,"minecraft:sneak_time":15682,"minecraft:walk_under_water_one_cm":8137,"minecraft:jump":2036,"minecraft:walk_on_water_one_cm":28815,"minecraft:total_world_time":157898,"minecraft:interact_with_furnace":44,"spartanshields:shield_bash_hits":1,"minecraft:sleep_in_bed":3,"minecraft:time_since_rest":528,"minecraft:damage_taken":6915,"minecraft:damage_dealt":11648,"minecraft:swim_one_cm":14878,"minecraft:fly_one_cm":406974,"minecraft:open_chest":59,"minecraft:crouch_one_cm":38634,"minecraft:fall_one_cm":74535},"minecraft:dropped":{"the_pillager_legion_:legion_armor_helmet":1,"the_pillager_legion_:legion_armor_boots":2,"minecraft:wheat_seeds":11,"minecraft:oak_log":1,"minecraft:tnt":2,"minecraft:feather":3,"minecraft:cobblestone":2,"minecraft:dark_oak_pressure_plate":1,"minecraft:apple":1,"minecraft:stick":34,"minecraft:cobweb":24,"minecraft:dirt":2,"spartanweaponry:iron_battleaxe":1,"minecraft:wooden_axe":1,"minecraft:potion":3,"minecraft:bone":2,"minecraft:white_tulip":1,"minecraft:moss_carpet":5,"minecraft:birch_sapling":8,"flashlight:lantern":2,"minecraft:rotten_flesh":12,"minecraft:oak_planks":2,"minecraft:flint_and_steel":1,"minecraft:filled_map":3,"minecraft:leather_chestplate":1,"minecraft:tipped_arrow":8,"minecraft:leather_boots":1,"minecraft:oak_sapling":24,"the_pillager_legion_:legion_deep":1,"the_pillager_legion_:legion_axe_tpl":6,"minecraft:wooden_pickaxe":1},"minecraft:used":{"minecraft:iron_bars":1,"minecraft:flint_and_steel":1,"minecraft:spruce_planks":1,"minecraft:shield":18,"minecraft:torch":26,"minecraft:dirt":12,"minecraft:spruce_stairs":15,"minecraft:spruce_fence":5,"spartanweaponry:stone_katana":48,"minecraft:iron_axe":123,"minecraft:stone_bricks":20,"minecraft:hay_block":1,"spelunkers_charm:rock":1,"minecraft:furnace":1,"minecraft:cobbled_deepslate":8,"minecraft:water_bucket":30,"minecraft:glass_bottle":44,"minecraft:stone_pickaxe":131,"minecraft:wooden_pickaxe":5,"minecraft:mossy_cobblestone":1,"minecraft:sand":1,"minecraft:crafting_table":6,"the_pillager_legion_:legion_sword_tpl":55,"minecraft:white_bed":6,"minecraft:spruce_log":34,"butchersdelightfoods:legcow":1,"minecraft:apple":3,"minecraft:bread":40,"minecraft:iron_pickaxe":120,"minecraft:spruce_sapling":22,"minecraft:stone_axe":12,"minecraft:cobblestone":45,"minecraft:potion":37,"minecraft:cooked_porkchop":1,"minecraft:andesite":20,"minecraft:bucket":30,"quark:oak_chest":5},"minecraft:picked_up":{"minecraft:crafting_table":4,"butchersdelightfoods:legcow":3,"minecraft:chicken":3,"spelunkers_charm:deepslate_rock":12,"minecraft:shield":3,"spartanweaponry:iron_katana":2,"minecraft:string":3,"minecraft:dark_oak_pressure_plate":1,"minecraft:moss_carpet":5,"minecraft:raw_copper":84,"minecraft:flint_and_steel":1,"butchersdelightfoods:sheeploin":1,"minecraft:cobbled_deepslate":8,"minecraft:spruce_planks":1,"minecraft:beef":2,"minecraft:white_tulip":1,"minecraft:birch_sapling":8,"the_pillager_legion_:legion_armor_helmet":2,"minecraft:raw_copper_block":2,"minecraft:furnace":1,"minecraft:tipped_arrow":1,"minecraft:stick":92,"minecraft:raw_iron":53,"minecraft:torch":4,"minecraft:spruce_fence":5,"minecraft:rotten_flesh":12,"minecraft:hay_block":90,"butchersdelightfoods:sheeprack":4,"the_pillager_legion_:legion_armor_boots":3,"minecraft:iron_bars":1,"minecraft:white_wool":4,"minecraft:cobblestone":82,"minecraft:birch_log":4,"minecraft:feather":3,"the_pillager_legion_:legion_sword_tpl":1,"minecraft:andesite":34,"spartanweaponry:iron_battleaxe":1,"minecraft:leather":5,"minecraft:potato":1,"minecraft:filled_map":2,"minecraft:oak_log":20,"minecraft:gunpowder":2,"minecraft:lapis_lazuli":5,"minecraft:dirt":42,"minecraft:bone":1,"minecraft:chipped_anvil":1,"minecraft:apple":2,"minecraft:wheat_seeds":11,"minecraft:cobweb":12,"minecraft:sand":17,"minecraft:spruce_sapling":95,"minecraft:white_bed":5,"minecraft:spruce_log":469,"quark:oak_chest":1,"the_pillager_legion_:legion_axe_tpl":6,"minecraft:mossy_cobblestone":1,"quark:hollow_birch_log":8,"minecraft:gray_wool":1,"butchersdelightfoods:sheepshank":1,"minecraft:black_wool":1,"minecraft:oak_sapling":24,"spelunkers_charm:rock":3,"minecraft:coal":71},"minecraft:broken":{"the_pillager_legion_:legion_armor_helmet":1,"minecraft:stone_pickaxe":1,"minecraft:iron_axe":1,"minecraft:stone_axe":2}},"DataVersion":3465}