{"stats":{"minecraft:custom":{"minecraft:mob_kills":81,"minecraft:interact_with_crafting_table":59,"minecraft:open_barrel":23,"minecraft:damage_dealt_resisted":1100,"minecraft:leave_game":3,"minecraft:time_since_death":71505,"minecraft:climb_one_cm":1753,"minecraft:sprint_one_cm":434964,"minecraft:walk_one_cm":392899,"minecraft:damage_blocked_by_shield":2175,"minecraft:drop":111,"minecraft:play_time":193528,"minecraft:deaths":21,"minecraft:sneak_time":16068,"minecraft:walk_under_water_one_cm":9910,"minecraft:jump":2331,"minecraft:walk_on_water_one_cm":33931,"minecraft:total_world_time":193528,"minecraft:interact_with_furnace":105,"spartanshields:shield_bash_hits":2,"minecraft:sleep_in_bed":5,"minecraft:time_since_rest":1175,"minecraft:damage_taken":7255,"minecraft:damage_dealt":12048,"minecraft:swim_one_cm":26983,"minecraft:fly_one_cm":483873,"minecraft:open_chest":84,"minecraft:crouch_one_cm":39867,"minecraft:fall_one_cm":81491},"minecraft:crafted":{"minecraft:black_dye":5,"flashlight:lantern":2,"minecraft:oak_planks":76,"minetraps:nails":45,"minetraps:nail_trap":3,"spartanweaponry:iron_katana":1,"minecraft:stone":20,"spartanshields:iron_basic_shield":2,"minecraft:glass":37,"minecraft:spruce_stairs":48,"minecraft:stone_pickaxe":1,"minetraps:barbed_wire":12,"minecraft:black_wool":3,"minecraft:stone_bricks":20,"minecraft:wheat":801,"minecraft:glass_bottle":30,"minecraft:crafting_table":2,"minecraft:spruce_planks":132,"tacz:ammo_box":1,"minecraft:wooden_pickaxe":1,"minecraft:iron_helmet":1,"tacz:gun_smith_table":1,"minecraft:copper_ingot":64,"minecraft:stone_axe":6,"minecraft:bread":275,"minecraft:air":0,"minecraft:potion":37,"minecraft:white_wool":2,"minecraft:shield":2,"minecraft:stick":24,"quark:oak_chest":4,"minecraft:iron_ingot":69,"minecraft:iron_pickaxe":1,"minecraft:wooden_axe":1,"minecraft:iron_block":1,"minecraft:iron_leggings":2,"minetraps:barbed_wire_fence":3,"spartanshields:wooden_basic_shield":2,"minecraft:white_bed":1,"minetraps:razor_wire":2,"minecraft:torch":28},"minecraft:killed_by":{"spore:inf_human":2,"spore:inf_player":1,"minecraft:zombie":6,"alexsmobs:grizzly_bear":1,"alexsmobs:anaconda":1,"spore:stalker":1,"minecraft:vex":2},"minecraft:used":{"minecraft:iron_bars":1,"minecraft:flint_and_steel":1,"tacz:gun_smith_table":2,"minecraft:spruce_planks":1,"minecraft:shield":18,"minecraft:torch":29,"minecraft:dirt":18,"minecraft:spruce_stairs":15,"minecraft:spruce_fence":5,"spartanweaponry:stone_katana":48,"minecraft:iron_axe":123,"minecraft:stone_bricks":20,"minecraft:hay_block":1,"spelunkers_charm:rock":1,"minecraft:furnace":1,"minecraft:cobbled_deepslate":8,"minecraft:water_bucket":34,"quark:cobblestone_bricks":1,"minecraft:glass_bottle":76,"minecraft:stone_pickaxe":131,"minecraft:wooden_pickaxe":5,"minetraps:razor_wire":3,"minecraft:mossy_cobblestone":1,"minecraft:sand":1,"minecraft:crafting_table":6,"the_pillager_legion_:legion_sword_tpl":63,"minecraft:white_bed":6,"minecraft:spruce_log":54,"butchersdelightfoods:legcow":1,"minecraft:apple":3,"minecraft:bread":53,"minecraft:iron_pickaxe":122,"minecraft:spruce_sapling":22,"minecraft:stone_axe":14,"minetraps:nail_trap":6,"minecraft:cobblestone":45,"minecraft:potion":48,"minecraft:cooked_porkchop":1,"minecraft:andesite":20,"minecraft:bucket":35,"quark:oak_chest":5,"minetraps:barbed_wire_fence":3},"minecraft:picked_up":{"minecraft:crafting_table":4,"butchersdelightfoods:legcow":3,"minecraft:chicken":3,"spelunkers_charm:deepslate_rock":12,"minecraft:shield":3,"spartanweaponry:iron_katana":2,"minecraft:string":3,"minecraft:dark_oak_pressure_plate":1,"minecraft:moss_carpet":5,"minecraft:raw_copper":84,"minecraft:flint_and_steel":1,"tacz:ammo":120,"butchersdelightfoods:sheeploin":1,"minecraft:cobbled_deepslate":8,"minecraft:spruce_planks":1,"minecraft:beef":2,"minecraft:white_tulip":1,"minecraft:birch_sapling":8,"the_pillager_legion_:legion_armor_helmet":2,"minecraft:raw_copper_block":2,"minecraft:furnace":1,"minecraft:tipped_arrow":1,"minecraft:stick":92,"minecraft:raw_iron":54,"minecraft:torch":4,"minecraft:spruce_fence":5,"minecraft:rotten_flesh":12,"minecraft:hay_block":90,"the_pillager_legion_:legion_armor_boots":3,"butchersdelightfoods:sheeprack":4,"minetraps:razor_wire":1,"minecraft:iron_bars":1,"minecraft:white_wool":4,"minecraft:cobblestone":84,"minecraft:birch_log":4,"minecraft:feather":3,"the_pillager_legion_:legion_sword_tpl":1,"minecraft:andesite":34,"spartanweaponry:iron_battleaxe":1,"minecraft:leather":5,"minecraft:potato":1,"minecraft:filled_map":2,"minecraft:oak_log":20,"minecraft:gunpowder":2,"minecraft:lapis_lazuli":5,"minecraft:dirt":46,"minecraft:bone":1,"minecraft:chipped_anvil":1,"minecraft:apple":2,"minecraft:wheat_seeds":11,"minecraft:cobweb":12,"tacz:gun_smith_table":1,"minecraft:sand":40,"minecraft:ink_sac":5,"minecraft:spruce_sapling":95,"minecraft:white_bed":5,"minecraft:spruce_log":470,"quark:oak_chest":1,"the_pillager_legion_:legion_axe_tpl":6,"minetraps:nail_trap":3,"minecraft:mossy_cobblestone":1,"quark:cobblestone_bricks":1,"tacz:modern_kinetic_gun":1,"quark:hollow_birch_log":8,"minecraft:gray_wool":1,"alexsmobs:maggot":2,"minecraft:oak_sapling":24,"butchersdelightfoods:sheepshank":1,"minecraft:black_wool":1,"spelunkers_charm:rock":3,"minecraft:coal":71},"minecraft:dropped":{"the_pillager_legion_:legion_armor_helmet":1,"the_pillager_legion_:legion_armor_boots":2,"minecraft:wheat_seeds":11,"minecraft:oak_log":1,"minecraft:tnt":3,"minecraft:feather":3,"minecraft:cobblestone":2,"minecraft:dark_oak_pressure_plate":1,"minecraft:apple":1,"spartanshields:iron_basic_shield":1,"minecraft:stick":34,"minecraft:cobweb":24,"minecraft:dirt":2,"spartanweaponry:iron_battleaxe":1,"minecraft:wooden_axe":1,"minecraft:potion":3,"minecraft:iron_leggings":1,"tacz:modern_kinetic_gun":1,"minecraft:bone":2,"minecraft:white_tulip":1,"minecraft:moss_carpet":5,"alexsmobs:maggot":2,"minecraft:birch_sapling":8,"flashlight:lantern":2,"minecraft:rotten_flesh":12,"minecraft:oak_planks":2,"minecraft:flint_and_steel":1,"minecraft:filled_map":3,"minecraft:leather_chestplate":1,"minecraft:tipped_arrow":11,"minecraft:leather_boots":1,"the_pillager_legion_:legion_deep":1,"minecraft:oak_sapling":24,"the_pillager_legion_:legion_axe_tpl":6,"minecraft:wooden_pickaxe":1},"minecraft:killed":{"minecraft:chicken":3,"takesapillage:skirmisher":1,"minecraft:squid":4,"the_pillager_legion_:veteran_infantryman_tpl":34,"minecraft:sheep":3,"minecraft:pillager":1,"minecraft:zombie":15,"spore:inf_human":1,"the_pillager_legion_:infantryman_tpl":18},"minecraft:broken":{"the_pillager_legion_:legion_armor_helmet":1,"minecraft:stone_pickaxe":1,"minecraft:shield":1,"minecraft:iron_axe":1,"minecraft:stone_axe":2},"minecraft:mined":{"minecraft:white_bed":5,"minecraft:dark_oak_pressure_plate":1,"minecraft:spruce_fence":8,"minecraft:grass_block":30,"minecraft:frosted_ice":7,"tacz:gun_smith_table":1,"minecraft:spawner":2,"quark:hollow_birch_log":8,"minecraft:hay_block":82,"minecraft:tall_seagrass":1,"minecraft:furnace":1,"minecraft:iron_ore":53,"minecraft:fire":1,"minecraft:andesite":5,"minecraft:potatoes":1,"minecraft:white_tulip":1,"minetraps:razor_wire":1,"minecraft:stone":66,"minecraft:white_wool":1,"minecraft:oak_slab":1,"minecraft:glass_pane":1,"quark:oak_chest":1,"minecraft:crafting_table":4,"quark:cobblestone_bricks":1,"the_pillager_legion_:legion_deep":1,"minecraft:copper_ore":21,"minecraft:tall_grass":4,"minecraft:cobblestone":15,"minecraft:lapis_ore":1,"minecraft:deepslate_copper_ore":4,"spelunkers_charm:rock_pile_3":1,"minecraft:birch_log":4,"spelunkers_charm:deepslate_rock_pile_3":4,"minecraft:spruce_log":470,"minecraft:birch_leaves":2,"minecraft:grass":15,"minecraft:coal_ore":71,"minecraft:oak_log":19,"minecraft:sand":40,"minecraft:dirt":14,"minecraft:cobweb":2,"structure_gel:dynamic_spawner":2,"minecraft:raw_copper_block":3,"minecraft:chipped_anvil":1,"minecraft:oak_leaves":3,"minecraft:deepslate":7,"minecraft:fern":3}},"DataVersion":3465}