{"stats":{"minecraft:mined":{"minecraft:birch_log":4,"minecraft:crafting_table":1,"minecraft:grass":1,"minecraft:oak_log":19,"minecraft:grass_block":2,"minecraft:sand":3,"minecraft:dirt":2,"minecraft:white_tulip":1,"minecraft:stone":8,"minecraft:oak_leaves":3},"minecraft:crafted":{"minecraft:oak_planks":76,"minecraft:crafting_table":1,"minecraft:stick":4,"minecraft:wooden_pickaxe":1,"minecraft:stone_pickaxe":1,"minecraft:wooden_axe":1,"minecraft:stone_axe":1},"minecraft:killed":{"spore:inf_human":1,"minecraft:chicken":3},"minecraft:killed_by":{"spore:inf_human":2},"minecraft:dropped":{"minecraft:cobweb":24,"minecraft:white_tulip":1,"minecraft:tipped_arrow":6,"minecraft:tnt":2,"minecraft:wooden_axe":1,"minecraft:birch_sapling":8,"minecraft:oak_sapling":24,"minecraft:feather":3,"minecraft:oak_planks":2,"minecraft:apple":1,"minecraft:wooden_pickaxe":1,"minecraft:bone":1,"minecraft:stick":17},"minecraft:custom":{"minecraft:time_since_rest":2167,"minecraft:sprint_one_cm":40492,"minecraft:damage_taken":812,"minecraft:walk_one_cm":22305,"minecraft:mob_kills":4,"minecraft:drop":44,"minecraft:damage_dealt":695,"minecraft:swim_one_cm":3018,"minecraft:interact_with_crafting_table":6,"minecraft:fly_one_cm":41700,"minecraft:crouch_one_cm":1350,"minecraft:play_time":17408,"minecraft:deaths":3,"minecraft:walk_under_water_one_cm":1269,"minecraft:sneak_time":774,"minecraft:jump":229,"minecraft:leave_game":1,"minecraft:walk_on_water_one_cm":3283,"minecraft:time_since_death":2138,"minecraft:total_world_time":17408,"minecraft:fall_one_cm":7808},"minecraft:used":{"minecraft:apple":1,"spartanweaponry:stone_katana":3,"minecraft:stone_pickaxe":3,"minecraft:wooden_pickaxe":5,"minecraft:stone_axe":10,"minecraft:dirt":4,"minecraft:crafting_table":2,"butchersdelightfoods:legcow":1},"minecraft:picked_up":{"minecraft:birch_log":4,"minecraft:stick":21,"minecraft:crafting_table":1,"butchersdelightfoods:legcow":2,"minecraft:feather":3,"minecraft:chicken":3,"minecraft:leather":3,"minecraft:sand":3,"minecraft:oak_log":20,"minecraft:dirt":4,"minecraft:apple":2,"minecraft:beef":1,"minecraft:white_tulip":1,"minecraft:cobweb":12,"minecraft:oak_sapling":24,"minecraft:birch_sapling":8,"minecraft:cobblestone":8}},"DataVersion":3465}