{"stats":{"minecraft:dropped":{"minecraft:moss_block":4,"minecraft:oak_log":1,"minecraft:crafting_table":1,"securitycraft:door_indestructible_iron_item":2,"minecraft:dirt":18,"securitycraft:keypad_frame":1,"minecraft:bone":6,"minecraft:white_tulip":1,"minecraft:birch_sapling":8,"minecraft:rotten_flesh":16,"minecraft:grindstone":1,"minecraft:oak_planks":2,"securitycraft:keypad_item":3,"minecraft:leather_chestplate":1,"minecraft:tipped_arrow":14,"minecraft:deepslate_tiles":1,"minecraft:leather_boots":1,"the_pillager_legion_:legion_deep":1,"minecraft:painting":5,"tacz:attachment":2,"the_pillager_legion_:legion_armor_helmet":1,"minecraft:enchanted_book":1,"the_pillager_legion_:legion_armor_boots":2,"minecraft:wheat_seeds":11,"quark:hollow_birch_log":6,"minecraft:tnt":4,"minecraft:feather":3,"minecraft:cobblestone":2,"minecraft:dark_oak_pressure_plate":1,"minecraft:apple":1,"spartanshields:iron_basic_shield":1,"minecraft:stick":35,"minecraft:cobweb":24,"spartanweaponry:iron_battleaxe":1,"minecraft:wooden_axe":1,"minecraft:potion":3,"minecraft:iron_leggings":1,"tacz:modern_kinetic_gun":1,"minecraft:raw_iron_block":1,"minecraft:string":1,"minecraft:moss_carpet":5,"alexsmobs:maggot":2,"minecraft:tuff":2,"flashlight:lantern":2,"spore:gas_mask":1,"minecraft:flint_and_steel":1,"minecraft:filled_map":3,"minecraft:spruce_trapdoor":2,"minecraft:spruce_planks":1,"minecraft:oak_sapling":24,"the_pillager_legion_:legion_axe_tpl":6,"tacz:ammo":121,"minecraft:spruce_log":1,"minecraft:wooden_pickaxe":1},"minecraft:killed":{"minecraft:chicken":3,"spore:inf_drowned":1,"minecraft:sheep":3,"spore:inf_villager":2,"minecraft:pillager":1,"spore:inf_human":11,"minecraft:zombie":30,"takesapillage:skirmisher":1,"minecraft:squid":5,"spore:inf_pillager":1,"the_pillager_legion_:veteran_infantryman_tpl":54,"the_pillager_legion_:infantryman_tpl":18},"minecraft:broken":{"the_pillager_legion_:legion_armor_helmet":1,"minecraft:stone_pickaxe":1,"minecraft:stone_axe":2,"minecraft:shield":1,"minecraft:iron_axe":1,"minecraft:iron_pickaxe":1,"minecraft:golden_pickaxe":1},"minecraft:used":{"spore:cdu":1,"minecraft:iron_shovel":10,"minecraft:shield":18,"securitycraft:reinforced_deepslate_bricks":201,"securitycraft:keypad_item":1,"spore:frozen_reinforced_door":2,"spore:rusted_reinforced_door":1,"spartanweaponry:stone_katana":48,"minecraft:grass_block":25,"minecraft:dark_oak_slab":4,"minecraft:stone_bricks":20,"spartanshields:iron_basic_shield":16,"minecraft:hay_block":1,"minecraft:furnace":2,"securitycraft:reinforced_black_stained_glass":10,"minecraft:stone_pickaxe":131,"minecraft:wooden_pickaxe":5,"minetraps:razor_wire":88,"minecraft:sand":1,"minecraft:blast_furnace":2,"spore:container":1,"butchersdelightfoods:legcow":1,"minecraft:bread":106,"minetraps:spikes_toxic":2,"globalxp:xp_block":2,"minecraft:grindstone":1,"minecraft:andesite":20,"minetraps:barbed_wire_fence":106,"minecraft:golden_pickaxe":32,"minecraft:iron_bars":1,"minetraps:toxic_nail_trap":1,"minecraft:flint_and_steel":1,"spore:zoaholic":1,"tacz:gun_smith_table":4,"minecraft:spruce_planks":1,"minetraps:bear_trap":3,"minetraps:toxic_mine":1,"minecraft:torch":110,"minecraft:dirt":21,"minecraft:spruce_stairs":15,"minecraft:spruce_fence":5,"minetraps:toxin_bucket":1,"minecraft:chipped_anvil":1,"minecraft:iron_axe":123,"minetraps:obstacle":10,"spelunkers_charm:rock":1,"minecraft:cobbled_deepslate":8,"minecraft:pointed_dripstone":2,"minecraft:water_bucket":39,"quark:cobblestone_bricks":1,"minecraft:glass_bottle":116,"securitycraft:reinforced_spruce_log":1,"quark:hollow_birch_log":4,"spore:reinforced_door":8,"minecraft:stonecutter":1,"minecraft:mossy_cobblestone":1,"minecraft:crafting_table":8,"the_pillager_legion_:legion_sword_tpl":160,"minecraft:white_bed":8,"minetraps:pitfall_trap":11,"minecraft:painting":20,"minecraft:spruce_log":72,"minecraft:apple":3,"minecraft:iron_pickaxe":531,"minetraps:troll_block":1,"minecraft:spruce_sapling":22,"the_pillager_legion_:legion_stone":2,"minecraft:stone_axe":32,"minetraps:nail_trap":15,"minecraft:cobblestone":73,"minecraft:potion":92,"minecraft:cooked_porkchop":1,"minecraft:bucket":40,"securitycraft:cage_trap":1,"quark:oak_chest":5},"minecraft:custom":{"lootr:looted_stat":17,"minecraft:interact_with_crafting_table":90,"minecraft:open_barrel":23,"minecraft:leave_game":4,"minecraft:time_since_death":3469,"minecraft:sprint_one_cm":866399,"minecraft:damage_blocked_by_shield":3525,"minecraft:drop":159,"minecraft:play_time":338877,"minecraft:deaths":23,"minecraft:jump":3652,"minecraft:walk_on_water_one_cm":47678,"minecraft:interact_with_furnace":200,"minecraft:sleep_in_bed":8,"minecraft:damage_dealt":17003,"minecraft:crouch_one_cm":42840,"minecraft:mob_kills":135,"minecraft:interact_with_anvil":2,"minecraft:interact_with_campfire":12,"minecraft:damage_dealt_resisted":1497,"minecraft:climb_one_cm":6217,"minecraft:walk_one_cm":701699,"minecraft:sneak_time":18169,"minecraft:walk_under_water_one_cm":26282,"minecraft:interact_with_blast_furnace":22,"minecraft:total_world_time":338877,"spartanshields:shield_bash_hits":7,"minecraft:interact_with_stonecutter":2,"minecraft:time_since_rest":3495,"minecraft:damage_taken":9406,"minecraft:swim_one_cm":62673,"minecraft:fly_one_cm":719574,"minecraft:open_chest":154,"minecraft:fall_one_cm":109626},"minecraft:mined":{"minecraft:spruce_planks":1,"minecraft:white_bed":7,"minecraft:spruce_trapdoor":2,"minecraft:grass_block":41,"minecraft:frosted_ice":8,"tacz:gun_smith_table":2,"minecraft:spawner":2,"quark:hollow_birch_log":10,"minecraft:tall_seagrass":1,"minecraft:raw_iron_block":1,"minecraft:iron_ore":86,"minecraft:fire":1,"minetraps:razor_wire":1,"quark:cobblestone_bricks":1,"the_pillager_legion_:legion_deep":1,"minecraft:blast_furnace":2,"minecraft:cobblestone":21,"minecraft:grindstone":1,"minecraft:wall_torch":7,"minecraft:deepslate_copper_ore":4,"spelunkers_charm:rock_pile_3":1,"minetraps:barbed_wire_fence":7,"minecraft:birch_log":4,"butcher:sulfurore":1,"minecraft:grass":15,"minecraft:oak_log":19,"minecraft:sand":46,"minecraft:dirt":22,"structure_gel:dynamic_spawner":2,"minecraft:raw_copper_block":3,"minecraft:stonecutter":1,"minecraft:oak_leaves":3,"minecraft:deepslate":12,"minecraft:tuff":2,"minecraft:glow_lichen":1,"minecraft:dark_oak_pressure_plate":1,"minecraft:spruce_fence":8,"minecraft:moss_block":4,"minecraft:hay_block":82,"minecraft:furnace":2,"minecraft:raw_gold_block":6,"minecraft:andesite":5,"spelunkers_charm:deepslate_rock_pile_2":4,"minecraft:potatoes":1,"minecraft:deepslate_iron_ore":12,"minecraft:vine":5,"minecraft:white_tulip":1,"minecraft:stone":257,"minecraft:white_wool":1,"minecraft:oak_slab":1,"minecraft:glass_pane":1,"the_pillager_legion_:legion_stone":2,"quark:oak_chest":1,"minecraft:crafting_table":7,"minecraft:copper_ore":48,"minecraft:tall_grass":4,"minecraft:lapis_ore":1,"minetraps:pitfall_trap":1,"spelunkers_charm:deepslate_rock_pile_3":6,"minecraft:spruce_log":478,"minecraft:birch_leaves":2,"minecraft:coal_ore":208,"minecraft:cobweb":2,"minecraft:chipped_anvil":1,"minecraft:fern":3},"minecraft:killed_by":{"spore:inf_human":2,"spore:inf_player":1,"minecraft:zombie":6,"alexsmobs:grizzly_bear":1,"alexsmobs:anaconda":1,"minecraft:vex":2,"spore:stalker":1},"minecraft:picked_up":{"spore:mutated_heart":1,"securitycraft:keypad_item":2,"butchersdelightfoods:legcow":3,"minecraft:potion":12,"minetraps:spikes_toxic":2,"minecraft:dark_oak_pressure_plate":1,"spartanweaponry:iron_katana":2,"minecraft:string":5,"minecraft:raw_copper":254,"minecraft:deepslate_tiles":1,"minecraft:cobbled_deepslate":12,"minecraft:spruce_planks":2,"minecraft:white_tulip":1,"spartanweaponry:iron_flanged_mace":1,"the_pillager_legion_:legion_armor_helmet":4,"farmersdelight:cabbage_seeds":4,"minecraft:furnace":2,"minecraft:tipped_arrow":1,"minecraft:stick":99,"minecraft:torch":11,"tacz:attachment":4,"minecraft:pointed_dripstone":2,"minecraft:rotten_flesh":22,"the_pillager_legion_:legion_stone":2,"minecraft:iron_bars":1,"minecraft:cobblestone":280,"minecraft:birch_log":4,"minecraft:feather":3,"the_pillager_legion_:legion_sword_tpl":1,"minecraft:andesite":34,"spartanweaponry:iron_battleaxe":1,"minecraft:potato":1,"minecraft:tuff":2,"minecraft:lapis_lazuli":9,"minecraft:dirt":75,"minecraft:bone":5,"minecraft:chipped_anvil":1,"minecraft:stonecutter":1,"minecraft:wheat_seeds":11,"minecraft:raw_gold":1,"minecraft:grindstone":2,"minecraft:powered_rail":4,"tacz:gun_smith_table":3,"minecraft:moss_block":4,"spore:cerebrum":1,"minecraft:sand":46,"minecraft:ink_sac":7,"minecraft:grass_block":4,"minecraft:mossy_cobblestone":1,"butcher:sulfur":2,"minecraft:golden_apple":1,"minecraft:bread":34,"alexsmobs:maggot":6,"minecraft:oak_sapling":24,"butchersdelightfoods:sheepshank":1,"minecraft:crafting_table":7,"minecraft:chicken":3,"spelunkers_charm:deepslate_rock":24,"minetraps:barbed_wire_fence":7,"minecraft:shield":5,"minecraft:moss_carpet":5,"minecraft:flint_and_steel":1,"tacz:ammo":302,"butchersdelightfoods:sheeploin":1,"securitycraft:keypad_frame":1,"minecraft:beef":2,"minecraft:birch_sapling":8,"minecraft:spruce_trapdoor":2,"minecraft:raw_copper_block":2,"minecraft:raw_iron":181,"minecraft:raw_gold_block":6,"minecraft:copper_ingot":43,"minecraft:spruce_fence":5,"farmersdelight:tomato_seeds":3,"minecraft:arrow":5,"minecraft:hay_block":90,"the_pillager_legion_:legion_armor_boots":5,"butchersdelightfoods:sheeprack":4,"minetraps:razor_wire":2,"minecraft:glow_berries":4,"minecraft:rail":4,"minecraft:white_wool":4,"minecraft:leather":5,"minecraft:filled_map":2,"spelunkers_charm:old_miners_bundle":1,"minecraft:oak_log":20,"minecraft:gunpowder":9,"minecraft:apple":2,"minecraft:cobweb":12,"spore:mutated_fiber":9,"minecraft:raw_iron_block":1,"minecraft:spruce_sapling":95,"minecraft:blast_furnace":2,"minecraft:spruce_log":494,"minecraft:white_bed":7,"minetraps:nail_trap":11,"quark:oak_chest":1,"the_pillager_legion_:legion_axe_tpl":8,"quark:cobblestone_bricks":1,"tacz:modern_kinetic_gun":1,"minetraps:pitfall_trap":1,"minecraft:painting":24,"quark:hollow_birch_log":10,"minecraft:gray_wool":1,"securitycraft:door_indestructible_iron_item":1,"minecraft:black_wool":1,"spelunkers_charm:rock":3,"minecraft:coal":253},"minecraft:crafted":{"minecraft:black_dye":5,"flashlight:lantern":2,"minecraft:oak_planks":76,"minetraps:nail_trap":4,"globalxp:xp_block":2,"minecraft:stone":20,"minecraft:iron_bars":16,"spartanshields:iron_basic_shield":2,"minecraft:glass":39,"minecraft:raw_copper":36,"minetraps:barbed_wire":124,"minecraft:black_wool":3,"minecraft:stone_bricks":20,"minecraft:glass_bottle":30,"minetraps:pitfall_trap":10,"minecraft:emerald":9,"minecraft:crafting_table":2,"minecraft:spruce_planks":208,"tacz:ammo_box":1,"minecraft:wooden_pickaxe":1,"minecraft:iron_helmet":1,"minecraft:copper_ingot":293,"minecraft:shield":2,"minecraft:stick":232,"quark:oak_chest":4,"minecraft:iron_ingot":361,"minecraft:iron_pickaxe":2,"minecraft:iron_block":1,"minecraft:gold_ingot":54,"spartanshields:wooden_basic_shield":2,"minecraft:raw_iron":81,"minetraps:nails":198,"spartanweaponry:iron_katana":1,"minecraft:spruce_stairs":48,"minecraft:stone_pickaxe":1,"minecraft:wheat":801,"tacz:gun_smith_table":1,"minecraft:stone_axe":6,"minecraft:bread":275,"minecraft:air":0,"minecraft:potion":78,"minecraft:white_wool":2,"minecraft:raw_gold":54,"minecraft:wooden_axe":1,"minecraft:iron_leggings":2,"minetraps:barbed_wire_fence":99,"minecraft:white_bed":1,"minetraps:razor_wire":14,"minecraft:torch":112}},"DataVersion":3465}