{"stats":{"minecraft:mined":{"minecraft:oak_slab":1,"minecraft:white_bed":3,"minecraft:glass_pane":1,"the_pillager_legion_:legion_deep":1,"minecraft:crafting_table":4,"minecraft:dark_oak_pressure_plate":1,"minecraft:spruce_fence":8,"minecraft:grass_block":3,"minecraft:tall_grass":1,"minecraft:cobblestone":5,"minecraft:copper_ore":18,"minecraft:spawner":1,"minecraft:deepslate_copper_ore":4,"quark:hollow_birch_log":8,"minecraft:hay_block":25,"minecraft:furnace":1,"minecraft:birch_log":4,"minecraft:iron_ore":18,"minecraft:fire":1,"minecraft:spruce_log":9,"minecraft:birch_leaves":2,"minecraft:grass":3,"minecraft:coal_ore":69,"minecraft:potatoes":1,"minecraft:oak_log":19,"minecraft:sand":17,"minecraft:dirt":2,"structure_gel:dynamic_spawner":2,"minecraft:cobweb":2,"minecraft:raw_copper_block":3,"minecraft:stone":45,"minecraft:white_tulip":1,"minecraft:white_wool":1,"minecraft:oak_leaves":3},"minecraft:crafted":{"minecraft:glass_bottle":9,"flashlight:lantern":2,"minecraft:oak_planks":76,"minecraft:crafting_table":2,"minecraft:wooden_pickaxe":1,"minecraft:stone_axe":1,"minecraft:bread":95,"minecraft:air":0,"minecraft:glass":16,"minecraft:white_wool":2,"minecraft:stick":12,"minecraft:iron_pickaxe":1,"minecraft:stone_pickaxe":1,"minecraft:wooden_axe":1,"minecraft:white_bed":1,"minecraft:torch":16,"minecraft:wheat":261},"minecraft:killed":{"takesapillage:skirmisher":1,"minecraft:sheep":1,"spore:inf_human":1,"minecraft:zombie":3,"minecraft:chicken":3},"minecraft:killed_by":{"spore:inf_player":1,"minecraft:zombie":1,"spore:inf_human":2,"alexsmobs:grizzly_bear":1,"spore:stalker":1,"minecraft:vex":2},"minecraft:custom":{"minecraft:interact_with_furnace":11,"minecraft:mob_kills":9,"minecraft:interact_with_crafting_table":18,"minecraft:open_barrel":21,"minecraft:damage_dealt_resisted":60,"minecraft:leave_game":1,"minecraft:time_since_death":2927,"minecraft:sleep_in_bed":2,"minecraft:climb_one_cm":798,"minecraft:time_since_rest":2952,"minecraft:sprint_one_cm":163665,"minecraft:damage_taken":3630,"minecraft:walk_one_cm":151013,"minecraft:drop":60,"minecraft:damage_dealt":1785,"minecraft:swim_one_cm":7787,"minecraft:fly_one_cm":192962,"minecraft:open_chest":7,"minecraft:crouch_one_cm":10640,"minecraft:play_time":71408,"minecraft:deaths":11,"minecraft:sneak_time":3963,"minecraft:walk_under_water_one_cm":5273,"minecraft:jump":961,"minecraft:walk_on_water_one_cm":9218,"minecraft:total_world_time":71408,"minecraft:fall_one_cm":38210},"minecraft:dropped":{"minecraft:white_tulip":1,"minecraft:moss_carpet":5,"minecraft:wheat_seeds":1,"minecraft:oak_log":1,"minecraft:tnt":2,"minecraft:birch_sapling":8,"flashlight:lantern":1,"minecraft:feather":3,"minecraft:cobblestone":2,"minecraft:rotten_flesh":2,"minecraft:oak_planks":2,"minecraft:dark_oak_pressure_plate":1,"minecraft:apple":1,"minecraft:flint_and_steel":1,"minecraft:stick":22,"minecraft:filled_map":3,"minecraft:cobweb":24,"minecraft:tipped_arrow":6,"minecraft:wooden_axe":1,"minecraft:oak_sapling":24,"minecraft:potion":3,"minecraft:wooden_pickaxe":1,"minecraft:bone":1},"minecraft:used":{"minecraft:iron_bars":1,"minecraft:flint_and_steel":1,"minecraft:glass_bottle":21,"minecraft:stone_pickaxe":131,"minecraft:spruce_planks":1,"minecraft:wooden_pickaxe":5,"minecraft:torch":14,"minecraft:sand":1,"minecraft:mossy_cobblestone":1,"minecraft:dirt":5,"minecraft:crafting_table":5,"minecraft:white_bed":3,"minecraft:spruce_fence":5,"butchersdelightfoods:legcow":1,"minecraft:apple":3,"spartanweaponry:stone_katana":29,"minecraft:iron_axe":20,"minecraft:bread":15,"minecraft:iron_pickaxe":34,"minecraft:stone_axe":11,"minecraft:cobblestone":32,"minecraft:potion":14,"minecraft:hay_block":1,"minecraft:cooked_porkchop":1,"minecraft:andesite":6,"minecraft:bucket":1},"minecraft:picked_up":{"minecraft:birch_log":4,"minecraft:crafting_table":4,"minecraft:feather":3,"butchersdelightfoods:legcow":2,"minecraft:chicken":3,"minecraft:andesite":11,"minecraft:leather":3,"minecraft:potato":1,"minecraft:filled_map":2,"minecraft:oak_log":20,"minecraft:dark_oak_pressure_plate":1,"minecraft:string":3,"minecraft:dirt":5,"minecraft:moss_carpet":5,"minecraft:raw_copper":74,"minecraft:flint_and_steel":1,"minecraft:apple":2,"butchersdelightfoods:sheeploin":1,"minecraft:wheat_seeds":1,"minecraft:spruce_planks":1,"minecraft:beef":1,"minecraft:white_tulip":1,"minecraft:cobweb":12,"minecraft:furnace":1,"minecraft:birch_sapling":8,"minecraft:raw_copper_block":2,"minecraft:stick":27,"minecraft:raw_iron":18,"minecraft:torch":4,"minecraft:spruce_fence":5,"minecraft:sand":17,"minecraft:spruce_sapling":2,"minecraft:white_bed":3,"minecraft:spruce_log":9,"minecraft:mossy_cobblestone":1,"minecraft:rotten_flesh":2,"minecraft:hay_block":33,"quark:hollow_birch_log":8,"minecraft:oak_sapling":24,"minecraft:iron_bars":1,"minecraft:coal":69,"minecraft:white_wool":1,"minecraft:cobblestone":52},"minecraft:broken":{"minecraft:stone_pickaxe":1}},"DataVersion":3465}