{"stats":{"minecraft:used":{"minecraft:cooked_mutton":3,"minecraft:stone_sword":7,"minecraft:stone_pickaxe":84,"minecraft:poppy":1,"minecraft:wooden_pickaxe":4,"minecraft:stone":5,"minecraft:torch":2,"minecraft:dirt":10,"minecraft:crafting_table":1,"minecraft:spruce_log":6,"minecraft:smoker":1,"minecraft:wooden_axe":4,"minecraft:bread":2,"minecraft:stone_axe":42,"minecraft:hay_block":1,"minecraft:cooked_beef":4},"minecraft:crafted":{"minecraft:cooked_beef":12,"minecraft:crafting_table":1,"minecraft:spruce_planks":76,"minecraft:wooden_pickaxe":1,"minecraft:stone_axe":1,"minecraft:cooked_mutton":3,"minecraft:bread":78,"minecraft:air":0,"minecraft:stick":12,"minecraft:stone_pickaxe":2,"minecraft:wooden_axe":1,"minecraft:stone_sword":1,"minecraft:torch":4,"minecraft:wheat":234},"minecraft:mined":{"minecraft:white_bed":1,"minecraft:smoker":1,"minecraft:crafting_table":1,"minecraft:short_grass":26,"minecraft:grass_block":7,"minecraft:poppy":1,"minecraft:tall_grass":15,"minecraft:spruce_leaves":1,"minecraft:wall_torch":1,"minecraft:large_fern":2,"minecraft:hay_block":27,"minecraft:furnace":1,"minecraft:spruce_log":23,"minecraft:stripped_spruce_log":1,"minecraft:yellow_bed":1,"minecraft:coal_ore":68,"minecraft:dirt":7,"minecraft:stone":16},"minecraft:killed":{"minecraft:pig":4,"minecraft:sheep":6,"minecraft:zombie":1,"minecraft:chicken":3,"minecraft:cow":11},"minecraft:custom":{"minecraft:interact_with_furnace":4,"minecraft:mob_kills":25,"minecraft:interact_with_crafting_table":10,"minecraft:leave_game":2,"minecraft:time_since_death":33847,"minecraft:time_since_rest":5006,"minecraft:sprint_one_cm":104051,"minecraft:damage_taken":548,"minecraft:walk_one_cm":63718,"minecraft:drop":13,"minecraft:damage_dealt":2695,"minecraft:swim_one_cm":8582,"minecraft:talked_to_villager":2,"minecraft:fly_one_cm":265269,"minecraft:player_kills":1,"minecraft:crouch_one_cm":2631,"minecraft:play_time":38870,"minecraft:deaths":1,"minecraft:sneak_time":765,"minecraft:walk_under_water_one_cm":1605,"minecraft:jump":1028,"minecraft:walk_on_water_one_cm":3949,"minecraft:total_world_time":38870,"minecraft:interact_with_smoker":9,"minecraft:fall_one_cm":36687},"minecraft:killed_by":{"minecraft:player":1},"minecraft:dropped":{"minecraft:bread":1,"minecraft:wheat_seeds":5,"minecraft:feather":3,"minecraft:dirt":1,"minecraft:wooden_axe":1,"minecraft:wooden_pickaxe":1,"minecraft:white_wool":1},"minecraft:picked_up":{"minecraft:crafting_table":1,"minecraft:feather":3,"minecraft:chicken":3,"minecraft:leather":8,"minecraft:smoker":1,"minecraft:yellow_bed":1,"minecraft:dirt":14,"minecraft:wheat_seeds":5,"minecraft:beef":23,"minecraft:poppy":1,"minecraft:furnace":1,"minecraft:torch":1,"minecraft:porkchop":6,"minecraft:stripped_spruce_log":1,"minecraft:spruce_sapling":1,"minecraft:spruce_log":24,"minecraft:carrot":1,"minecraft:hay_block":27,"minecraft:bread":1,"minecraft:mutton":9,"minecraft:coal":68,"minecraft:cobblestone":15,"minecraft:white_wool":7}},"DataVersion":3953}