{"stats":{"minecraft:used":{"minecraft:cooked_mutton":3,"minecraft:stone_pickaxe":80,"minecraft:poppy":1,"minecraft:wooden_pickaxe":4,"minecraft:stone":5,"minecraft:torch":1,"minecraft:dirt":8,"minecraft:crafting_table":1,"minecraft:spruce_log":6,"minecraft:smoker":1,"minecraft:wooden_axe":4,"minecraft:stone_axe":26,"minecraft:hay_block":1,"minecraft:cooked_beef":3},"minecraft:crafted":{"minecraft:cooked_beef":12,"minecraft:crafting_table":1,"minecraft:spruce_planks":76,"minecraft:wooden_pickaxe":1,"minecraft:stone_axe":1,"minecraft:cooked_mutton":3,"minecraft:bread":78,"minecraft:air":0,"minecraft:stick":12,"minecraft:stone_pickaxe":2,"minecraft:wooden_axe":1,"minecraft:stone_sword":1,"minecraft:wheat":234},"minecraft:mined":{"minecraft:white_bed":1,"minecraft:smoker":1,"minecraft:crafting_table":1,"minecraft:short_grass":22,"minecraft:grass_block":5,"minecraft:poppy":1,"minecraft:tall_grass":15,"minecraft:spruce_leaves":1,"minecraft:hay_block":27,"minecraft:furnace":1,"minecraft:spruce_log":23,"minecraft:stripped_spruce_log":1,"minecraft:yellow_bed":1,"minecraft:coal_ore":67,"minecraft:dirt":5,"minecraft:stone":14},"minecraft:killed":{"minecraft:pig":2,"minecraft:sheep":2,"minecraft:cow":7},"minecraft:custom":{"minecraft:interact_with_furnace":4,"minecraft:mob_kills":11,"minecraft:interact_with_crafting_table":10,"minecraft:leave_game":2,"minecraft:time_since_death":21847,"minecraft:time_since_rest":5800,"minecraft:sprint_one_cm":67862,"minecraft:damage_taken":499,"minecraft:walk_one_cm":51421,"minecraft:drop":9,"minecraft:damage_dealt":1545,"minecraft:swim_one_cm":2930,"minecraft:talked_to_villager":1,"minecraft:fly_one_cm":152416,"minecraft:player_kills":1,"minecraft:crouch_one_cm":2117,"minecraft:play_time":26870,"minecraft:deaths":1,"minecraft:sneak_time":617,"minecraft:walk_under_water_one_cm":366,"minecraft:jump":599,"minecraft:walk_on_water_one_cm":155,"minecraft:total_world_time":26870,"minecraft:interact_with_smoker":9,"minecraft:fall_one_cm":26177},"minecraft:killed_by":{"minecraft:player":1},"minecraft:dropped":{"minecraft:bread":1,"minecraft:wheat_seeds":4,"minecraft:dirt":1,"minecraft:wooden_axe":1,"minecraft:wooden_pickaxe":1,"minecraft:white_wool":1},"minecraft:picked_up":{"minecraft:crafting_table":1,"minecraft:leather":6,"minecraft:smoker":1,"minecraft:yellow_bed":1,"minecraft:dirt":7,"minecraft:wheat_seeds":4,"minecraft:beef":12,"minecraft:poppy":1,"minecraft:furnace":1,"minecraft:porkchop":3,"minecraft:stripped_spruce_log":1,"minecraft:spruce_sapling":1,"minecraft:spruce_log":24,"minecraft:carrot":1,"minecraft:hay_block":27,"minecraft:bread":1,"minecraft:mutton":3,"minecraft:coal":67,"minecraft:cobblestone":13,"minecraft:white_wool":2}},"DataVersion":3953}