{"stats":{"minecraft:used":{"minecraft:cooked_mutton":3,"minecraft:water_bucket":2,"minecraft:stone_sword":25,"minecraft:stone_pickaxe":119,"minecraft:poppy":1,"minecraft:wooden_pickaxe":4,"minecraft:stone":5,"minecraft:torch":3,"minecraft:dirt":10,"minecraft:crafting_table":2,"minecraft:stripped_spruce_log":2,"minecraft:smoker":1,"minecraft:spruce_log":6,"minecraft:wooden_axe":4,"minecraft:bread":9,"minecraft:stone_axe":58,"minecraft:hay_block":1,"minecraft:sweet_berries":3,"minecraft:furnace":1,"minecraft:bucket":3,"minecraft:cooked_beef":12},"minecraft:crafted":{"minecraft:cooked_beef":12,"minecraft:crafting_table":1,"minecraft:spruce_planks":76,"minecraft:wooden_pickaxe":1,"minecraft:bucket":1,"minecraft:stone_axe":1,"minecraft:cooked_mutton":3,"minecraft:bread":78,"minecraft:air":0,"minecraft:stick":12,"minecraft:iron_ingot":3,"minecraft:stone_pickaxe":2,"minecraft:wooden_axe":1,"minecraft:stone_sword":1,"minecraft:torch":4,"minecraft:wheat":234},"minecraft:mined":{"minecraft:brown_mushroom":2,"minecraft:white_bed":2,"minecraft:smoker":1,"minecraft:crafting_table":2,"minecraft:torch":1,"minecraft:short_grass":34,"minecraft:grass_block":8,"minecraft:poppy":1,"minecraft:tall_grass":16,"minecraft:spruce_leaves":3,"minecraft:wall_torch":1,"minecraft:large_fern":2,"minecraft:hay_block":27,"minecraft:furnace":2,"minecraft:iron_ore":5,"minecraft:sweet_berry_bush":2,"minecraft:spruce_log":23,"minecraft:stripped_spruce_log":1,"minecraft:yellow_bed":1,"minecraft:coal_ore":81,"minecraft:dirt":7,"minecraft:stone":25,"minecraft:fern":3},"minecraft:killed":{"minecraft:pig":6,"minecraft:spider":5,"minecraft:sheep":8,"minecraft:zombie":2,"minecraft:chicken":3,"minecraft:cow":11},"minecraft:custom":{"minecraft:interact_with_furnace":8,"minecraft:mob_kills":35,"minecraft:interact_with_crafting_table":11,"minecraft:leave_game":3,"minecraft:time_since_death":55451,"minecraft:time_since_rest":13379,"minecraft:sprint_one_cm":176993,"minecraft:damage_taken":1402,"minecraft:walk_one_cm":97849,"minecraft:drop":21,"minecraft:damage_dealt":4379,"minecraft:talked_to_villager":2,"minecraft:swim_one_cm":18983,"minecraft:fly_one_cm":474547,"minecraft:player_kills":2,"minecraft:crouch_one_cm":4346,"minecraft:play_time":60474,"minecraft:deaths":1,"minecraft:sneak_time":1469,"minecraft:walk_under_water_one_cm":4334,"minecraft:jump":1846,"minecraft:walk_on_water_one_cm":12613,"minecraft:interact_with_smoker":9,"minecraft:total_world_time":60474,"minecraft:fall_one_cm":65515},"minecraft:killed_by":{"minecraft:player":1},"minecraft:dropped":{"minecraft:bread":1,"minecraft:sweet_berries":2,"minecraft:wheat_seeds":7,"minecraft:feather":3,"minecraft:dirt":1,"minecraft:wooden_axe":1,"minecraft:spider_eye":1,"minecraft:wooden_pickaxe":1,"minecraft:string":3,"minecraft:white_wool":1},"minecraft:picked_up":{"minecraft:crafting_table":2,"minecraft:feather":3,"minecraft:chicken":3,"minecraft:leather":8,"minecraft:brown_mushroom":2,"minecraft:smoker":1,"minecraft:yellow_bed":1,"minecraft:string":3,"minecraft:dirt":15,"minecraft:wheat_seeds":7,"minecraft:beef":23,"minecraft:poppy":1,"minecraft:furnace":2,"minecraft:raw_iron":5,"minecraft:sweet_berries":5,"minecraft:torch":2,"minecraft:porkchop":15,"minecraft:stripped_spruce_log":3,"minecraft:spruce_sapling":1,"minecraft:carrot":1,"minecraft:spruce_log":24,"minecraft:spider_eye":1,"minecraft:hay_block":27,"minecraft:bread":1,"minecraft:mutton":12,"minecraft:cobblestone":25,"minecraft:coal":81,"minecraft:white_wool":9}},"DataVersion":3953}