{"stats":{"minecraft:dropped":{"minecraft:bread":2,"minecraft:sweet_berries":2,"minecraft:wheat_seeds":7,"minecraft:feather":3,"minecraft:dirt":7,"minecraft:diorite":1,"minecraft:wooden_axe":1,"minecraft:spider_eye":1,"minecraft:wooden_pickaxe":1,"minecraft:stone_pickaxe":1,"minecraft:string":3,"minecraft:white_wool":9,"minecraft:spruce_sapling":1},"minecraft:killed_by":{"minecraft:player":1},"minecraft:killed":{"minecraft:pig":6,"minecraft:spider":5,"minecraft:sheep":8,"minecraft:zombie":2,"minecraft:chicken":3,"minecraft:cow":11},"minecraft:mined":{"minecraft:brown_mushroom":2,"minecraft:white_bed":2,"minecraft:smoker":1,"minecraft:crafting_table":2,"minecraft:torch":2,"minecraft:short_grass":34,"minecraft:grass_block":8,"minecraft:poppy":1,"minecraft:tall_grass":16,"minecraft:cobblestone":1,"minecraft:spruce_leaves":3,"minecraft:wall_torch":1,"minecraft:large_fern":2,"minecraft:hay_block":27,"minecraft:furnace":2,"minecraft:iron_ore":8,"minecraft:sweet_berry_bush":2,"minecraft:spruce_log":23,"minecraft:stripped_spruce_log":1,"minecraft:yellow_bed":1,"minecraft:coal_ore":81,"minecraft:dirt":7,"minecraft:stone":52,"minecraft:fern":3},"minecraft:custom":{"minecraft:interact_with_furnace":12,"minecraft:mob_kills":36,"minecraft:interact_with_crafting_table":19,"minecraft:leave_game":4,"minecraft:time_since_death":65947,"minecraft:time_since_rest":23875,"minecraft:sprint_one_cm":192283,"minecraft:damage_taken":1649,"minecraft:walk_one_cm":117426,"minecraft:drop":27,"minecraft:damage_dealt":4482,"minecraft:talked_to_villager":2,"minecraft:swim_one_cm":23002,"minecraft:fly_one_cm":499379,"minecraft:player_kills":2,"minecraft:crouch_one_cm":4858,"minecraft:play_time":70970,"minecraft:deaths":1,"minecraft:sneak_time":1654,"minecraft:walk_under_water_one_cm":7823,"minecraft:jump":1982,"minecraft:walk_on_water_one_cm":16791,"minecraft:interact_with_smoker":11,"minecraft:total_world_time":70970,"minecraft:fall_one_cm":68704},"minecraft:used":{"minecraft:cooked_mutton":3,"minecraft:water_bucket":6,"minecraft:stone_sword":27,"minecraft:stone_pickaxe":150,"minecraft:poppy":1,"minecraft:leather_chestplate":1,"minecraft:wooden_pickaxe":4,"minecraft:stone":5,"minecraft:leather_boots":1,"minecraft:torch":5,"minecraft:dirt":10,"minecraft:crafting_table":2,"minecraft:smoker":1,"minecraft:stripped_spruce_log":2,"minecraft:spruce_log":6,"minecraft:wooden_axe":4,"minecraft:bread":15,"minecraft:stone_axe":58,"minecraft:cobblestone":7,"minecraft:hay_block":1,"minecraft:sweet_berries":3,"minecraft:furnace":2,"minecraft:bucket":7,"minecraft:cooked_beef":12},"minecraft:picked_up":{"minecraft:crafting_table":2,"minecraft:feather":3,"minecraft:chicken":3,"minecraft:leather":14,"minecraft:brown_mushroom":2,"minecraft:smoker":1,"minecraft:yellow_bed":1,"minecraft:string":3,"minecraft:dirt":15,"minecraft:wheat_seeds":7,"minecraft:beef":23,"minecraft:poppy":1,"minecraft:furnace":2,"minecraft:raw_iron":8,"minecraft:sweet_berries":5,"minecraft:torch":3,"minecraft:porkchop":15,"minecraft:stripped_spruce_log":3,"minecraft:spruce_sapling":1,"minecraft:carrot":1,"minecraft:diorite":1,"minecraft:spruce_log":24,"minecraft:spider_eye":1,"minecraft:hay_block":27,"minecraft:bread":1,"minecraft:mutton":12,"minecraft:cobblestone":53,"minecraft:coal":81,"minecraft:white_wool":9},"minecraft:crafted":{"minecraft:cooked_beef":12,"minecraft:cooked_porkchop":21,"minecraft:leather_boots":1,"minecraft:crafting_table":1,"minecraft:spruce_planks":76,"minecraft:wooden_pickaxe":1,"minecraft:bucket":1,"minecraft:stone_axe":1,"minecraft:cooked_mutton":3,"minecraft:bread":78,"minecraft:air":0,"minecraft:stick":12,"minecraft:leather_chestplate":1,"minecraft:iron_ingot":8,"minecraft:stone_pickaxe":2,"minecraft:wooden_axe":1,"minecraft:stone_sword":1,"minecraft:torch":4,"minecraft:wheat":234}},"DataVersion":3953}