{"stats":{"minecraft:mined":{"minecraft:glass_pane":1,"minecraft:crafting_table":1,"minecraft:grass_block":2,"minecraft:copper_ore":7,"minecraft:birch_log":4,"minecraft:iron_ore":1,"minecraft:birch_leaves":2,"minecraft:grass":1,"minecraft:potatoes":1,"minecraft:oak_log":19,"minecraft:sand":7,"minecraft:dirt":2,"minecraft:stone":24,"minecraft:white_tulip":1,"minecraft:oak_leaves":3},"minecraft:crafted":{"minecraft:oak_planks":76,"minecraft:crafting_table":1,"minecraft:wooden_pickaxe":1,"minecraft:stone_axe":1,"minecraft:stick":4,"minecraft:stone_pickaxe":1,"minecraft:wooden_axe":1},"minecraft:killed":{"minecraft:sheep":1,"spore:inf_human":1,"minecraft:zombie":1,"minecraft:chicken":3},"minecraft:killed_by":{"spore:inf_human":2,"alexsmobs:grizzly_bear":1},"minecraft:custom":{"minecraft:mob_kills":6,"minecraft:interact_with_crafting_table":6,"minecraft:damage_dealt_resisted":9,"minecraft:leave_game":1,"minecraft:time_since_death":1626,"minecraft:time_since_rest":1653,"minecraft:sprint_one_cm":82940,"minecraft:damage_taken":1305,"minecraft:walk_one_cm":52836,"minecraft:drop":45,"minecraft:damage_dealt":789,"minecraft:swim_one_cm":6991,"minecraft:fly_one_cm":114988,"minecraft:open_chest":2,"minecraft:crouch_one_cm":2826,"minecraft:play_time":29408,"minecraft:deaths":5,"minecraft:sneak_time":1226,"minecraft:walk_under_water_one_cm":1800,"minecraft:jump":497,"minecraft:walk_on_water_one_cm":5315,"minecraft:total_world_time":29408,"minecraft:fall_one_cm":18966},"minecraft:dropped":{"minecraft:white_tulip":1,"minecraft:oak_log":1,"minecraft:tnt":2,"minecraft:birch_sapling":8,"minecraft:feather":3,"minecraft:oak_planks":2,"minecraft:apple":1,"minecraft:stick":17,"minecraft:cobweb":24,"minecraft:tipped_arrow":6,"minecraft:wooden_axe":1,"minecraft:oak_sapling":24,"minecraft:wooden_pickaxe":1,"minecraft:bone":1},"minecraft:used":{"minecraft:stone_pickaxe":27,"minecraft:wooden_pickaxe":5,"minecraft:dirt":4,"minecraft:crafting_table":2,"butchersdelightfoods:legcow":1,"minecraft:apple":1,"spartanweaponry:stone_katana":4,"minecraft:bread":2,"minecraft:stone_axe":11,"minecraft:cobblestone":4},"minecraft:picked_up":{"minecraft:birch_log":4,"minecraft:crafting_table":1,"minecraft:feather":3,"butchersdelightfoods:legcow":2,"minecraft:chicken":3,"minecraft:leather":3,"minecraft:potato":1,"minecraft:oak_log":20,"minecraft:dirt":4,"minecraft:raw_copper":21,"minecraft:apple":2,"butchersdelightfoods:sheeploin":1,"minecraft:beef":1,"minecraft:white_tulip":1,"minecraft:cobweb":12,"minecraft:birch_sapling":8,"minecraft:stick":21,"minecraft:raw_iron":1,"minecraft:sand":7,"minecraft:oak_sapling":24,"minecraft:white_wool":1,"minecraft:cobblestone":24}},"DataVersion":3465}