{"stats":{"minecraft:used":{"minecraft:cooked_mutton":3,"minecraft:water_bucket":4,"minecraft:stone_sword":25,"minecraft:stone_pickaxe":119,"minecraft:poppy":1,"minecraft:leather_chestplate":1,"minecraft:wooden_pickaxe":4,"minecraft:stone":5,"minecraft:leather_boots":1,"minecraft:torch":5,"minecraft:dirt":10,"minecraft:crafting_table":2,"minecraft:stripped_spruce_log":2,"minecraft:smoker":1,"minecraft:spruce_log":6,"minecraft:wooden_axe":4,"minecraft:bread":13,"minecraft:stone_axe":58,"minecraft:cobblestone":1,"minecraft:hay_block":1,"minecraft:sweet_berries":3,"minecraft:furnace":1,"minecraft:bucket":5,"minecraft:cooked_beef":12},"minecraft:crafted":{"minecraft:cooked_beef":12,"minecraft:leather_boots":1,"minecraft:crafting_table":1,"minecraft:spruce_planks":76,"minecraft:wooden_pickaxe":1,"minecraft:bucket":1,"minecraft:stone_axe":1,"minecraft:cooked_mutton":3,"minecraft:bread":78,"minecraft:air":0,"minecraft:stick":12,"minecraft:leather_chestplate":1,"minecraft:iron_ingot":3,"minecraft:stone_pickaxe":2,"minecraft:wooden_axe":1,"minecraft:stone_sword":1,"minecraft:torch":4,"minecraft:wheat":234},"minecraft:mined":{"minecraft:brown_mushroom":2,"minecraft:white_bed":2,"minecraft:smoker":1,"minecraft:crafting_table":2,"minecraft:torch":2,"minecraft:short_grass":34,"minecraft:grass_block":8,"minecraft:poppy":1,"minecraft:tall_grass":16,"minecraft:spruce_leaves":3,"minecraft:wall_torch":1,"minecraft:large_fern":2,"minecraft:hay_block":27,"minecraft:furnace":2,"minecraft:iron_ore":5,"minecraft:sweet_berry_bush":2,"minecraft:spruce_log":23,"minecraft:stripped_spruce_log":1,"minecraft:yellow_bed":1,"minecraft:coal_ore":81,"minecraft:dirt":7,"minecraft:stone":25,"minecraft:fern":3},"minecraft:killed":{"minecraft:pig":6,"minecraft:spider":5,"minecraft:sheep":8,"minecraft:zombie":2,"minecraft:chicken":3,"minecraft:cow":11},"minecraft:custom":{"minecraft:interact_with_furnace":10,"minecraft:mob_kills":35,"minecraft:interact_with_crafting_table":15,"minecraft:leave_game":4,"minecraft:time_since_death":60258,"minecraft:time_since_rest":18186,"minecraft:sprint_one_cm":187351,"minecraft:damage_taken":1639,"minecraft:walk_one_cm":109050,"minecraft:drop":27,"minecraft:damage_dealt":4383,"minecraft:talked_to_villager":2,"minecraft:swim_one_cm":18983,"minecraft:fly_one_cm":497067,"minecraft:player_kills":2,"minecraft:crouch_one_cm":4662,"minecraft:play_time":65281,"minecraft:deaths":1,"minecraft:sneak_time":1581,"minecraft:walk_under_water_one_cm":4334,"minecraft:jump":1939,"minecraft:walk_on_water_one_cm":12613,"minecraft:interact_with_smoker":9,"minecraft:total_world_time":65281,"minecraft:fall_one_cm":67893},"minecraft:killed_by":{"minecraft:player":1},"minecraft:dropped":{"minecraft:bread":2,"minecraft:sweet_berries":2,"minecraft:wheat_seeds":7,"minecraft:feather":3,"minecraft:dirt":7,"minecraft:diorite":1,"minecraft:wooden_axe":1,"minecraft:spider_eye":1,"minecraft:stone_pickaxe":1,"minecraft:wooden_pickaxe":1,"minecraft:string":3,"minecraft:white_wool":9,"minecraft:spruce_sapling":1},"minecraft:picked_up":{"minecraft:crafting_table":2,"minecraft:feather":3,"minecraft:chicken":3,"minecraft:leather":14,"minecraft:brown_mushroom":2,"minecraft:smoker":1,"minecraft:yellow_bed":1,"minecraft:string":3,"minecraft:dirt":15,"minecraft:wheat_seeds":7,"minecraft:beef":23,"minecraft:poppy":1,"minecraft:furnace":2,"minecraft:raw_iron":5,"minecraft:sweet_berries":5,"minecraft:torch":3,"minecraft:porkchop":15,"minecraft:diorite":1,"minecraft:stripped_spruce_log":3,"minecraft:spruce_sapling":1,"minecraft:carrot":1,"minecraft:spruce_log":24,"minecraft:spider_eye":1,"minecraft:hay_block":27,"minecraft:bread":1,"minecraft:mutton":12,"minecraft:cobblestone":26,"minecraft:coal":81,"minecraft:white_wool":9}},"DataVersion":3953}