{"stats":{"minecraft:custom":{"lootr:looted_stat":16,"minecraft:mob_kills":82,"minecraft:interact_with_crafting_table":69,"minecraft:open_barrel":23,"minecraft:interact_with_campfire":12,"minecraft:damage_dealt_resisted":1130,"minecraft:leave_game":3,"minecraft:time_since_death":125505,"minecraft:climb_one_cm":5709,"minecraft:sprint_one_cm":540558,"minecraft:walk_one_cm":491855,"minecraft:damage_blocked_by_shield":2175,"minecraft:drop":118,"minecraft:play_time":247528,"minecraft:deaths":21,"minecraft:sneak_time":16894,"minecraft:walk_under_water_one_cm":24933,"minecraft:jump":2745,"minecraft:walk_on_water_one_cm":44004,"minecraft:total_world_time":247528,"minecraft:interact_with_furnace":149,"spartanshields:shield_bash_hits":2,"minecraft:sleep_in_bed":6,"minecraft:time_since_rest":5453,"minecraft:damage_taken":8252,"minecraft:damage_dealt":12248,"minecraft:swim_one_cm":58885,"minecraft:fly_one_cm":543858,"minecraft:open_chest":103,"minecraft:crouch_one_cm":40979,"minecraft:fall_one_cm":87977},"minecraft:crafted":{"minecraft:black_dye":5,"flashlight:lantern":2,"minecraft:oak_planks":76,"minetraps:nails":108,"minetraps:nail_trap":3,"globalxp:xp_block":2,"spartanweaponry:iron_katana":1,"minecraft:stone":20,"minecraft:iron_bars":16,"spartanshields:iron_basic_shield":2,"minecraft:glass":39,"minecraft:spruce_stairs":48,"minecraft:raw_copper":36,"minecraft:stone_pickaxe":1,"minetraps:barbed_wire":64,"minecraft:black_wool":3,"minecraft:stone_bricks":20,"minecraft:wheat":801,"minecraft:glass_bottle":30,"minetraps:pitfall_trap":3,"minecraft:emerald":9,"minecraft:crafting_table":2,"minecraft:spruce_planks":132,"tacz:ammo_box":1,"minecraft:wooden_pickaxe":1,"minecraft:iron_helmet":1,"tacz:gun_smith_table":1,"minecraft:copper_ingot":172,"minecraft:stone_axe":6,"minecraft:bread":275,"minecraft:air":0,"minecraft:potion":39,"minecraft:white_wool":2,"minecraft:shield":2,"minecraft:stick":80,"quark:oak_chest":4,"minecraft:iron_ingot":196,"minecraft:iron_pickaxe":2,"minecraft:wooden_axe":1,"minecraft:iron_block":1,"minecraft:iron_leggings":2,"minetraps:barbed_wire_fence":30,"spartanshields:wooden_basic_shield":2,"minecraft:white_bed":1,"minetraps:razor_wire":11,"minecraft:torch":112},"minecraft:killed_by":{"spore:inf_human":2,"spore:inf_player":1,"minecraft:zombie":6,"alexsmobs:grizzly_bear":1,"alexsmobs:anaconda":1,"spore:stalker":1,"minecraft:vex":2},"minecraft:used":{"minecraft:iron_bars":1,"minecraft:flint_and_steel":1,"tacz:gun_smith_table":2,"minecraft:spruce_planks":1,"minecraft:shield":18,"minecraft:torch":62,"minecraft:dirt":18,"minecraft:spruce_stairs":15,"minecraft:spruce_fence":5,"spartanweaponry:stone_katana":48,"minecraft:iron_axe":123,"minecraft:stone_bricks":20,"minecraft:hay_block":1,"spelunkers_charm:rock":1,"minecraft:furnace":1,"minecraft:cobbled_deepslate":8,"minecraft:water_bucket":35,"quark:cobblestone_bricks":1,"minecraft:glass_bottle":95,"minecraft:stone_pickaxe":131,"minecraft:wooden_pickaxe":5,"minetraps:razor_wire":13,"minecraft:mossy_cobblestone":1,"minecraft:sand":1,"minecraft:crafting_table":6,"the_pillager_legion_:legion_sword_tpl":66,"minecraft:white_bed":6,"minetraps:pitfall_trap":3,"minecraft:spruce_log":55,"butchersdelightfoods:legcow":1,"minecraft:apple":3,"minecraft:bread":77,"minecraft:iron_pickaxe":488,"minecraft:spruce_sapling":22,"minecraft:stone_axe":15,"minetraps:nail_trap":9,"globalxp:xp_block":2,"minecraft:cobblestone":73,"minecraft:potion":68,"minecraft:cooked_porkchop":1,"minecraft:andesite":20,"minecraft:bucket":36,"quark:oak_chest":5,"minetraps:barbed_wire_fence":30,"minecraft:golden_pickaxe":28},"minecraft:picked_up":{"minecraft:crafting_table":4,"butchersdelightfoods:legcow":3,"minecraft:chicken":3,"spelunkers_charm:deepslate_rock":12,"minecraft:potion":12,"minecraft:shield":3,"spartanweaponry:iron_katana":2,"minecraft:string":3,"minecraft:dark_oak_pressure_plate":1,"minecraft:moss_carpet":5,"minecraft:raw_copper":215,"minecraft:flint_and_steel":1,"tacz:ammo":122,"butchersdelightfoods:sheeploin":1,"minecraft:deepslate_tiles":1,"minecraft:cobbled_deepslate":8,"minecraft:spruce_planks":1,"minecraft:beef":2,"minecraft:white_tulip":1,"minecraft:birch_sapling":8,"the_pillager_legion_:legion_armor_helmet":2,"minecraft:raw_copper_block":2,"minecraft:furnace":1,"minecraft:tipped_arrow":1,"minecraft:stick":92,"minecraft:raw_iron":162,"minecraft:torch":8,"minecraft:spruce_fence":5,"minecraft:rotten_flesh":14,"minecraft:hay_block":90,"the_pillager_legion_:legion_armor_boots":3,"butchersdelightfoods:sheeprack":4,"minetraps:razor_wire":2,"minecraft:iron_bars":1,"minecraft:white_wool":4,"minecraft:cobblestone":279,"minecraft:birch_log":4,"minecraft:feather":3,"the_pillager_legion_:legion_sword_tpl":1,"minecraft:andesite":34,"spartanweaponry:iron_battleaxe":1,"minecraft:leather":5,"minecraft:potato":1,"minecraft:filled_map":2,"minecraft:oak_log":20,"minecraft:gunpowder":2,"minecraft:lapis_lazuli":5,"minecraft:dirt":55,"minecraft:bone":2,"minecraft:chipped_anvil":1,"minecraft:apple":2,"minecraft:wheat_seeds":11,"minecraft:cobweb":12,"tacz:gun_smith_table":1,"minecraft:moss_block":3,"minecraft:sand":40,"minecraft:ink_sac":5,"minecraft:spruce_sapling":95,"minecraft:white_bed":5,"minecraft:spruce_log":474,"quark:oak_chest":1,"the_pillager_legion_:legion_axe_tpl":6,"minetraps:nail_trap":6,"minecraft:mossy_cobblestone":1,"quark:cobblestone_bricks":1,"tacz:modern_kinetic_gun":1,"quark:hollow_birch_log":8,"minecraft:gray_wool":1,"alexsmobs:maggot":2,"minecraft:oak_sapling":24,"butchersdelightfoods:sheepshank":1,"minecraft:black_wool":1,"spelunkers_charm:rock":3,"minecraft:coal":224},"minecraft:dropped":{"the_pillager_legion_:legion_armor_helmet":1,"minecraft:enchanted_book":1,"the_pillager_legion_:legion_armor_boots":2,"minecraft:moss_block":3,"minecraft:wheat_seeds":11,"minecraft:oak_log":1,"minecraft:tnt":3,"minecraft:feather":3,"minecraft:cobblestone":2,"minecraft:dark_oak_pressure_plate":1,"minecraft:apple":1,"spartanshields:iron_basic_shield":1,"minecraft:stick":34,"minecraft:cobweb":24,"minecraft:dirt":2,"spartanweaponry:iron_battleaxe":1,"minecraft:wooden_axe":1,"minecraft:potion":3,"minecraft:iron_leggings":1,"tacz:modern_kinetic_gun":1,"minecraft:bone":3,"minecraft:white_tulip":1,"minecraft:moss_carpet":5,"alexsmobs:maggot":2,"minecraft:birch_sapling":8,"flashlight:lantern":2,"minecraft:rotten_flesh":14,"minecraft:oak_planks":2,"minecraft:flint_and_steel":1,"minecraft:filled_map":3,"minecraft:leather_chestplate":1,"minecraft:deepslate_tiles":1,"minecraft:tipped_arrow":11,"minecraft:leather_boots":1,"the_pillager_legion_:legion_deep":1,"minecraft:oak_sapling":24,"the_pillager_legion_:legion_axe_tpl":6,"tacz:ammo":61,"minecraft:wooden_pickaxe":1},"minecraft:killed":{"minecraft:chicken":3,"takesapillage:skirmisher":1,"minecraft:squid":4,"the_pillager_legion_:veteran_infantryman_tpl":34,"minecraft:sheep":3,"minecraft:pillager":1,"minecraft:zombie":16,"spore:inf_human":1,"the_pillager_legion_:infantryman_tpl":18},"minecraft:broken":{"the_pillager_legion_:legion_armor_helmet":1,"minecraft:stone_pickaxe":1,"minecraft:shield":1,"minecraft:iron_axe":1,"minecraft:stone_axe":2,"minecraft:iron_pickaxe":1,"minecraft:golden_pickaxe":1},"minecraft:mined":{"minecraft:white_bed":5,"minecraft:glow_lichen":1,"minecraft:dark_oak_pressure_plate":1,"minecraft:spruce_fence":8,"minecraft:grass_block":33,"minecraft:moss_block":3,"minecraft:frosted_ice":8,"tacz:gun_smith_table":1,"minecraft:spawner":2,"quark:hollow_birch_log":8,"minecraft:hay_block":82,"minecraft:tall_seagrass":1,"minecraft:furnace":1,"minecraft:iron_ore":82,"minecraft:fire":1,"minecraft:andesite":5,"minecraft:potatoes":1,"minecraft:vine":3,"minecraft:white_tulip":1,"minetraps:razor_wire":1,"minecraft:stone":257,"minecraft:white_wool":1,"minecraft:oak_slab":1,"minecraft:glass_pane":1,"quark:oak_chest":1,"minecraft:crafting_table":4,"quark:cobblestone_bricks":1,"the_pillager_legion_:legion_deep":1,"minecraft:copper_ore":48,"minecraft:tall_grass":4,"minecraft:cobblestone":21,"minecraft:lapis_ore":1,"minecraft:wall_torch":5,"minecraft:deepslate_copper_ore":4,"spelunkers_charm:rock_pile_3":1,"minecraft:birch_log":4,"spelunkers_charm:deepslate_rock_pile_3":4,"minecraft:spruce_log":471,"minecraft:birch_leaves":2,"minecraft:grass":15,"minecraft:coal_ore":208,"minecraft:oak_log":19,"minecraft:sand":40,"minecraft:dirt":20,"minecraft:cobweb":2,"structure_gel:dynamic_spawner":2,"minecraft:raw_copper_block":3,"minecraft:chipped_anvil":1,"minecraft:oak_leaves":3,"minecraft:deepslate":7,"minecraft:fern":3}},"DataVersion":3465}