{"stats":{"minecraft:mined":{"minecraft:oak_slab":1,"minecraft:white_bed":1,"minecraft:glass_pane":1,"minecraft:crafting_table":2,"minecraft:dark_oak_pressure_plate":1,"minecraft:grass_block":3,"minecraft:cobblestone":1,"minecraft:copper_ore":18,"minecraft:deepslate_copper_ore":4,"quark:hollow_birch_log":4,"minecraft:hay_block":19,"minecraft:furnace":1,"minecraft:birch_log":4,"minecraft:iron_ore":1,"minecraft:fire":1,"minecraft:spruce_log":9,"minecraft:birch_leaves":2,"minecraft:grass":2,"minecraft:coal_ore":8,"minecraft:potatoes":1,"minecraft:oak_log":19,"minecraft:sand":17,"minecraft:dirt":2,"structure_gel:dynamic_spawner":2,"minecraft:cobweb":2,"minecraft:raw_copper_block":3,"minecraft:stone":28,"minecraft:white_tulip":1,"minecraft:white_wool":1,"minecraft:oak_leaves":3},"minecraft:crafted":{"minecraft:glass_bottle":9,"flashlight:lantern":2,"minecraft:oak_planks":76,"minecraft:crafting_table":2,"minecraft:wooden_pickaxe":1,"minecraft:stone_axe":1,"minecraft:air":0,"minecraft:glass":16,"minecraft:white_wool":2,"minecraft:stick":8,"minecraft:stone_pickaxe":1,"minecraft:wooden_axe":1,"minecraft:white_bed":1,"minecraft:torch":16},"minecraft:killed":{"minecraft:sheep":1,"spore:inf_human":1,"minecraft:zombie":3,"minecraft:chicken":3},"minecraft:killed_by":{"minecraft:zombie":1,"spore:inf_human":2,"alexsmobs:grizzly_bear":1,"minecraft:vex":2},"minecraft:custom":{"minecraft:interact_with_furnace":11,"minecraft:mob_kills":8,"minecraft:interact_with_crafting_table":13,"minecraft:open_barrel":21,"minecraft:damage_dealt_resisted":44,"minecraft:leave_game":1,"minecraft:time_since_death":17411,"minecraft:sleep_in_bed":2,"minecraft:climb_one_cm":798,"minecraft:time_since_rest":0,"minecraft:sprint_one_cm":124618,"minecraft:damage_taken":2579,"minecraft:walk_one_cm":111506,"minecraft:drop":58,"minecraft:damage_dealt":1361,"minecraft:swim_one_cm":7485,"minecraft:fly_one_cm":163715,"minecraft:open_chest":4,"minecraft:crouch_one_cm":3657,"minecraft:play_time":53408,"minecraft:deaths":8,"minecraft:sneak_time":1552,"minecraft:walk_under_water_one_cm":4889,"minecraft:jump":774,"minecraft:walk_on_water_one_cm":7853,"minecraft:total_world_time":53408,"minecraft:fall_one_cm":29264},"minecraft:dropped":{"minecraft:white_tulip":1,"minecraft:moss_carpet":2,"minecraft:wheat_seeds":1,"minecraft:oak_log":1,"minecraft:tnt":2,"minecraft:birch_sapling":8,"flashlight:lantern":1,"minecraft:feather":3,"minecraft:cobblestone":2,"minecraft:rotten_flesh":2,"minecraft:oak_planks":2,"minecraft:dark_oak_pressure_plate":1,"minecraft:apple":1,"minecraft:flint_and_steel":1,"minecraft:stick":22,"minecraft:filled_map":3,"minecraft:cobweb":24,"minecraft:tipped_arrow":6,"minecraft:wooden_axe":1,"minecraft:oak_sapling":24,"minecraft:wooden_pickaxe":1,"minecraft:bone":1},"minecraft:used":{"minecraft:iron_bars":1,"minecraft:flint_and_steel":1,"minecraft:glass_bottle":13,"minecraft:stone_pickaxe":64,"minecraft:wooden_pickaxe":5,"minecraft:torch":4,"minecraft:sand":1,"minecraft:mossy_cobblestone":1,"minecraft:dirt":5,"minecraft:crafting_table":3,"minecraft:white_bed":2,"butchersdelightfoods:legcow":1,"minecraft:apple":2,"spartanweaponry:stone_katana":16,"minecraft:iron_axe":5,"minecraft:bread":7,"minecraft:stone_axe":11,"minecraft:cobblestone":22,"minecraft:potion":6,"minecraft:hay_block":1,"minecraft:cooked_porkchop":1,"minecraft:bucket":1},"minecraft:picked_up":{"minecraft:birch_log":4,"minecraft:crafting_table":2,"minecraft:feather":3,"butchersdelightfoods:legcow":2,"minecraft:chicken":3,"minecraft:leather":3,"minecraft:potato":1,"minecraft:filled_map":2,"minecraft:oak_log":20,"minecraft:dark_oak_pressure_plate":1,"minecraft:string":3,"minecraft:dirt":5,"minecraft:moss_carpet":2,"minecraft:raw_copper":74,"minecraft:flint_and_steel":1,"minecraft:apple":2,"butchersdelightfoods:sheeploin":1,"minecraft:wheat_seeds":1,"minecraft:beef":1,"minecraft:white_tulip":1,"minecraft:cobweb":12,"minecraft:furnace":1,"minecraft:birch_sapling":8,"minecraft:raw_copper_block":2,"minecraft:stick":26,"minecraft:raw_iron":1,"minecraft:torch":1,"minecraft:sand":17,"minecraft:spruce_sapling":2,"minecraft:white_bed":1,"minecraft:spruce_log":9,"minecraft:mossy_cobblestone":1,"minecraft:rotten_flesh":2,"minecraft:hay_block":24,"quark:hollow_birch_log":4,"minecraft:oak_sapling":24,"minecraft:iron_bars":1,"minecraft:coal":8,"minecraft:white_wool":1,"minecraft:cobblestone":29}},"DataVersion":3465}