{"stats":{"minecraft:used":{"minecraft:cooked_mutton":3,"minecraft:water_bucket":1,"minecraft:stone_sword":7,"minecraft:stone_pickaxe":106,"minecraft:poppy":1,"minecraft:wooden_pickaxe":4,"minecraft:stone":5,"minecraft:torch":2,"minecraft:dirt":10,"minecraft:crafting_table":2,"minecraft:smoker":1,"minecraft:spruce_log":6,"minecraft:wooden_axe":4,"minecraft:bread":4,"minecraft:stone_axe":43,"minecraft:hay_block":1,"minecraft:sweet_berries":3,"minecraft:furnace":1,"minecraft:bucket":2,"minecraft:cooked_beef":5},"minecraft:crafted":{"minecraft:cooked_beef":12,"minecraft:crafting_table":1,"minecraft:spruce_planks":76,"minecraft:wooden_pickaxe":1,"minecraft:bucket":1,"minecraft:stone_axe":1,"minecraft:cooked_mutton":3,"minecraft:bread":78,"minecraft:air":0,"minecraft:stick":12,"minecraft:iron_ingot":3,"minecraft:stone_pickaxe":2,"minecraft:wooden_axe":1,"minecraft:stone_sword":1,"minecraft:torch":4,"minecraft:wheat":234},"minecraft:mined":{"minecraft:brown_mushroom":2,"minecraft:white_bed":2,"minecraft:smoker":1,"minecraft:crafting_table":2,"minecraft:short_grass":28,"minecraft:grass_block":7,"minecraft:poppy":1,"minecraft:tall_grass":15,"minecraft:spruce_leaves":2,"minecraft:wall_torch":1,"minecraft:large_fern":2,"minecraft:hay_block":27,"minecraft:furnace":2,"minecraft:iron_ore":1,"minecraft:sweet_berry_bush":2,"minecraft:spruce_log":23,"minecraft:stripped_spruce_log":1,"minecraft:yellow_bed":1,"minecraft:coal_ore":81,"minecraft:dirt":7,"minecraft:stone":22,"minecraft:fern":2},"minecraft:killed":{"minecraft:pig":4,"minecraft:sheep":6,"minecraft:zombie":1,"minecraft:chicken":3,"minecraft:cow":11},"minecraft:custom":{"minecraft:interact_with_furnace":8,"minecraft:mob_kills":25,"minecraft:interact_with_crafting_table":11,"minecraft:leave_game":3,"minecraft:time_since_death":43451,"minecraft:time_since_rest":1379,"minecraft:sprint_one_cm":131060,"minecraft:damage_taken":617,"minecraft:walk_one_cm":75435,"minecraft:drop":16,"minecraft:damage_dealt":2705,"minecraft:talked_to_villager":2,"minecraft:swim_one_cm":14585,"minecraft:fly_one_cm":342829,"minecraft:player_kills":1,"minecraft:crouch_one_cm":3026,"minecraft:play_time":48474,"minecraft:deaths":1,"minecraft:sneak_time":907,"minecraft:walk_under_water_one_cm":4188,"minecraft:jump":1329,"minecraft:walk_on_water_one_cm":9225,"minecraft:interact_with_smoker":9,"minecraft:total_world_time":48474,"minecraft:fall_one_cm":48730},"minecraft:killed_by":{"minecraft:player":1},"minecraft:dropped":{"minecraft:bread":1,"minecraft:sweet_berries":2,"minecraft:wheat_seeds":6,"minecraft:feather":3,"minecraft:dirt":1,"minecraft:wooden_axe":1,"minecraft:wooden_pickaxe":1,"minecraft:white_wool":1},"minecraft:picked_up":{"minecraft:crafting_table":2,"minecraft:feather":3,"minecraft:chicken":3,"minecraft:leather":8,"minecraft:brown_mushroom":2,"minecraft:smoker":1,"minecraft:yellow_bed":1,"minecraft:dirt":14,"minecraft:wheat_seeds":6,"minecraft:beef":23,"minecraft:poppy":1,"minecraft:furnace":2,"minecraft:raw_iron":4,"minecraft:sweet_berries":5,"minecraft:torch":1,"minecraft:porkchop":6,"minecraft:stripped_spruce_log":1,"minecraft:spruce_sapling":1,"minecraft:carrot":1,"minecraft:spruce_log":24,"minecraft:hay_block":27,"minecraft:bread":1,"minecraft:mutton":9,"minecraft:cobblestone":21,"minecraft:coal":81,"minecraft:white_wool":7}},"DataVersion":3953}