{"stats":{"minecraft:mined":{"minecraft:white_bed":3,"minecraft:dark_oak_pressure_plate":1,"minecraft:grass_block":3,"minecraft:spruce_fence":8,"minecraft:spawner":1,"quark:hollow_birch_log":8,"minecraft:hay_block":25,"minecraft:furnace":1,"minecraft:iron_ore":18,"minecraft:fire":1,"minecraft:andesite":1,"minecraft:potatoes":1,"minecraft:white_tulip":1,"minecraft:stone":50,"minecraft:white_wool":1,"minecraft:oak_slab":1,"minecraft:glass_pane":1,"minecraft:crafting_table":4,"the_pillager_legion_:legion_deep":1,"minecraft:copper_ore":21,"minecraft:tall_grass":1,"minecraft:cobblestone":8,"minecraft:deepslate_copper_ore":4,"minecraft:birch_log":4,"minecraft:spruce_log":9,"minecraft:birch_leaves":2,"minecraft:grass":3,"minecraft:oak_log":19,"minecraft:coal_ore":69,"minecraft:dirt":2,"minecraft:sand":17,"minecraft:cobweb":2,"structure_gel:dynamic_spawner":2,"minecraft:raw_copper_block":3,"minecraft:oak_leaves":3},"minecraft:crafted":{"minecraft:oak_planks":76,"flashlight:lantern":2,"minecraft:glass":16,"minecraft:stone_pickaxe":1,"minecraft:wheat":261,"minecraft:glass_bottle":9,"minecraft:crafting_table":2,"minecraft:wooden_pickaxe":1,"minecraft:stone_axe":1,"minecraft:bread":95,"minecraft:air":0,"minecraft:white_wool":2,"minecraft:stick":12,"minecraft:wooden_axe":1,"minecraft:iron_pickaxe":1,"minecraft:white_bed":1,"minecraft:torch":16},"minecraft:killed":{"minecraft:chicken":3,"takesapillage:skirmisher":1,"the_pillager_legion_:veteran_infantryman_tpl":11,"minecraft:sheep":1,"minecraft:zombie":3,"spore:inf_human":1,"the_pillager_legion_:infantryman_tpl":6},"minecraft:killed_by":{"spore:inf_human":2,"spore:inf_player":1,"minecraft:zombie":1,"alexsmobs:grizzly_bear":1,"spore:stalker":1,"minecraft:vex":2},"minecraft:custom":{"minecraft:mob_kills":27,"minecraft:interact_with_crafting_table":18,"minecraft:open_barrel":21,"minecraft:damage_dealt_resisted":433,"minecraft:leave_game":1,"minecraft:time_since_death":14927,"minecraft:climb_one_cm":798,"minecraft:sprint_one_cm":171033,"minecraft:walk_one_cm":164536,"minecraft:drop":67,"minecraft:play_time":83408,"minecraft:deaths":11,"minecraft:sneak_time":9027,"minecraft:walk_under_water_one_cm":5273,"minecraft:jump":990,"minecraft:walk_on_water_one_cm":9218,"minecraft:total_world_time":83408,"minecraft:interact_with_furnace":11,"minecraft:sleep_in_bed":2,"minecraft:time_since_rest":14952,"minecraft:damage_taken":3730,"minecraft:damage_dealt":4377,"minecraft:swim_one_cm":7787,"minecraft:fly_one_cm":193867,"minecraft:open_chest":7,"minecraft:crouch_one_cm":22129,"minecraft:fall_one_cm":39573},"minecraft:dropped":{"the_pillager_legion_:legion_armor_boots":1,"minecraft:wheat_seeds":1,"minecraft:oak_log":1,"minecraft:tnt":2,"minecraft:feather":3,"minecraft:cobblestone":2,"minecraft:apple":1,"minecraft:dark_oak_pressure_plate":1,"minecraft:stick":22,"minecraft:cobweb":24,"spartanweaponry:iron_battleaxe":1,"minecraft:wooden_axe":1,"minecraft:potion":3,"minecraft:bone":1,"minecraft:white_tulip":1,"minecraft:moss_carpet":5,"minecraft:birch_sapling":8,"flashlight:lantern":2,"minecraft:rotten_flesh":2,"minecraft:oak_planks":2,"minecraft:flint_and_steel":1,"minecraft:filled_map":3,"minecraft:tipped_arrow":6,"minecraft:oak_sapling":24,"the_pillager_legion_:legion_axe_tpl":4,"minecraft:wooden_pickaxe":1},"minecraft:used":{"minecraft:iron_bars":1,"minecraft:flint_and_steel":1,"minecraft:spruce_planks":1,"minecraft:torch":14,"minecraft:dirt":5,"minecraft:spruce_fence":5,"spartanweaponry:stone_katana":47,"minecraft:iron_axe":53,"minecraft:hay_block":1,"minecraft:water_bucket":1,"minecraft:glass_bottle":21,"minecraft:stone_pickaxe":131,"minecraft:wooden_pickaxe":5,"minecraft:mossy_cobblestone":1,"minecraft:sand":1,"minecraft:crafting_table":5,"minecraft:white_bed":3,"butchersdelightfoods:legcow":1,"minecraft:apple":3,"minecraft:bread":16,"minecraft:iron_pickaxe":46,"minecraft:stone_axe":11,"minecraft:cobblestone":35,"minecraft:potion":15,"minecraft:cooked_porkchop":1,"minecraft:bucket":2,"minecraft:andesite":11},"minecraft:picked_up":{"minecraft:crafting_table":4,"butchersdelightfoods:legcow":2,"minecraft:chicken":3,"minecraft:shield":1,"minecraft:string":3,"minecraft:dark_oak_pressure_plate":1,"minecraft:moss_carpet":5,"minecraft:raw_copper":84,"minecraft:flint_and_steel":1,"butchersdelightfoods:sheeploin":1,"minecraft:spruce_planks":1,"minecraft:beef":1,"minecraft:white_tulip":1,"minecraft:birch_sapling":8,"the_pillager_legion_:legion_armor_helmet":1,"minecraft:raw_copper_block":2,"minecraft:furnace":1,"minecraft:stick":27,"minecraft:raw_iron":18,"minecraft:torch":4,"minecraft:spruce_fence":5,"minecraft:rotten_flesh":2,"minecraft:hay_block":33,"the_pillager_legion_:legion_armor_boots":1,"minecraft:iron_bars":1,"minecraft:cobblestone":59,"minecraft:white_wool":1,"minecraft:birch_log":4,"minecraft:feather":3,"minecraft:andesite":13,"spartanweaponry:iron_battleaxe":1,"minecraft:leather":3,"minecraft:potato":1,"minecraft:filled_map":2,"minecraft:oak_log":20,"minecraft:dirt":5,"minecraft:apple":2,"minecraft:wheat_seeds":1,"minecraft:cobweb":12,"minecraft:sand":17,"minecraft:spruce_sapling":2,"minecraft:spruce_log":9,"minecraft:white_bed":3,"the_pillager_legion_:legion_axe_tpl":4,"minecraft:mossy_cobblestone":1,"quark:hollow_birch_log":8,"minecraft:oak_sapling":24,"minecraft:coal":69},"minecraft:broken":{"minecraft:stone_pickaxe":1}},"DataVersion":3465}