{"stats":{"minecraft:custom":{"lootr:looted_stat":17,"minecraft:mob_kills":112,"minecraft:interact_with_crafting_table":81,"minecraft:open_barrel":23,"minecraft:interact_with_campfire":12,"minecraft:damage_dealt_resisted":1310,"minecraft:leave_game":3,"minecraft:time_since_death":161505,"minecraft:climb_one_cm":6118,"minecraft:sprint_one_cm":727794,"minecraft:walk_one_cm":571482,"minecraft:damage_blocked_by_shield":2835,"minecraft:drop":133,"minecraft:play_time":283528,"minecraft:deaths":21,"minecraft:sneak_time":17265,"minecraft:walk_under_water_one_cm":25179,"minecraft:jump":3218,"minecraft:interact_with_blast_furnace":16,"minecraft:walk_on_water_one_cm":46767,"minecraft:total_world_time":283528,"minecraft:interact_with_furnace":177,"spartanshields:shield_bash_hits":6,"minecraft:interact_with_stonecutter":2,"minecraft:sleep_in_bed":8,"minecraft:time_since_rest":15354,"minecraft:damage_taken":8794,"minecraft:damage_dealt":15598,"minecraft:swim_one_cm":59444,"minecraft:fly_one_cm":622531,"minecraft:open_chest":123,"minecraft:crouch_one_cm":41859,"minecraft:fall_one_cm":99967},"minecraft:crafted":{"minecraft:black_dye":5,"flashlight:lantern":2,"minecraft:oak_planks":76,"minecraft:raw_iron":81,"minetraps:nails":198,"minetraps:nail_trap":3,"globalxp:xp_block":2,"spartanweaponry:iron_katana":1,"minecraft:stone":20,"minecraft:iron_bars":16,"spartanshields:iron_basic_shield":2,"minecraft:glass":39,"minecraft:spruce_stairs":48,"minecraft:raw_copper":36,"minecraft:stone_pickaxe":1,"minetraps:barbed_wire":100,"minecraft:black_wool":3,"minecraft:stone_bricks":20,"minecraft:wheat":801,"minecraft:glass_bottle":30,"minetraps:pitfall_trap":6,"minecraft:emerald":9,"minecraft:crafting_table":2,"minecraft:spruce_planks":144,"tacz:ammo_box":1,"minecraft:wooden_pickaxe":1,"minecraft:iron_helmet":1,"tacz:gun_smith_table":1,"minecraft:copper_ingot":190,"minecraft:stone_axe":6,"minecraft:bread":275,"minecraft:air":0,"minecraft:raw_gold":54,"minecraft:potion":59,"minecraft:white_wool":2,"minecraft:shield":2,"minecraft:stick":104,"quark:oak_chest":4,"minecraft:iron_ingot":308,"minecraft:iron_pickaxe":2,"minecraft:wooden_axe":1,"minecraft:iron_block":1,"minecraft:iron_leggings":2,"minetraps:barbed_wire_fence":78,"spartanshields:wooden_basic_shield":2,"minecraft:white_bed":1,"minetraps:razor_wire":11,"minecraft:torch":112},"minecraft:killed_by":{"spore:inf_human":2,"spore:inf_player":1,"minecraft:zombie":6,"alexsmobs:grizzly_bear":1,"alexsmobs:anaconda":1,"spore:stalker":1,"minecraft:vex":2},"minecraft:used":{"minecraft:iron_bars":1,"minecraft:flint_and_steel":1,"tacz:gun_smith_table":3,"minecraft:spruce_planks":1,"minecraft:shield":18,"minecraft:torch":95,"minecraft:dirt":21,"minecraft:spruce_stairs":15,"minecraft:spruce_fence":5,"spartanweaponry:stone_katana":48,"minecraft:iron_axe":123,"minecraft:stone_bricks":20,"spartanshields:iron_basic_shield":11,"minecraft:hay_block":1,"spelunkers_charm:rock":1,"minecraft:furnace":2,"minecraft:cobbled_deepslate":8,"minecraft:pointed_dripstone":2,"minecraft:water_bucket":36,"quark:cobblestone_bricks":1,"minecraft:glass_bottle":97,"minecraft:stone_pickaxe":131,"minecraft:wooden_pickaxe":5,"minecraft:stonecutter":1,"minetraps:razor_wire":13,"minecraft:mossy_cobblestone":1,"minecraft:sand":1,"minecraft:crafting_table":8,"the_pillager_legion_:legion_sword_tpl":131,"minecraft:blast_furnace":2,"minecraft:white_bed":8,"minetraps:pitfall_trap":7,"minecraft:painting":20,"minecraft:spruce_log":58,"butchersdelightfoods:legcow":1,"minecraft:apple":3,"the_pillager_legion_:legion_stone":2,"minecraft:bread":96,"minecraft:iron_pickaxe":525,"minecraft:spruce_sapling":22,"minecraft:stone_axe":25,"minetraps:nail_trap":9,"globalxp:xp_block":2,"minecraft:cobblestone":73,"minecraft:potion":85,"minecraft:grindstone":1,"minecraft:cooked_porkchop":1,"minecraft:andesite":20,"minecraft:bucket":37,"quark:oak_chest":5,"minetraps:barbed_wire_fence":84,"minecraft:golden_pickaxe":28},"minecraft:picked_up":{"spore:mutated_heart":1,"minecraft:crafting_table":7,"butchersdelightfoods:legcow":3,"minecraft:chicken":3,"spelunkers_charm:deepslate_rock":21,"minecraft:potion":12,"minetraps:barbed_wire_fence":6,"minecraft:shield":5,"spartanweaponry:iron_katana":2,"minecraft:string":4,"minecraft:dark_oak_pressure_plate":1,"minecraft:moss_carpet":5,"minecraft:raw_copper":254,"minecraft:flint_and_steel":1,"tacz:ammo":122,"butchersdelightfoods:sheeploin":1,"minecraft:deepslate_tiles":1,"minecraft:cobbled_deepslate":12,"minecraft:spruce_planks":2,"minecraft:beef":2,"minecraft:white_tulip":1,"spartanweaponry:iron_flanged_mace":1,"minecraft:birch_sapling":8,"the_pillager_legion_:legion_armor_helmet":4,"minecraft:raw_copper_block":2,"minecraft:furnace":2,"minecraft:tipped_arrow":1,"minecraft:stick":98,"minecraft:raw_iron":173,"minecraft:raw_gold_block":6,"minecraft:copper_ingot":43,"minecraft:torch":9,"minecraft:spruce_fence":5,"tacz:attachment":4,"minecraft:pointed_dripstone":2,"minecraft:arrow":5,"minecraft:rotten_flesh":16,"the_pillager_legion_:legion_stone":2,"minecraft:hay_block":90,"the_pillager_legion_:legion_armor_boots":5,"butchersdelightfoods:sheeprack":4,"minetraps:razor_wire":2,"minecraft:iron_bars":1,"minecraft:white_wool":4,"minecraft:cobblestone":280,"minecraft:birch_log":4,"minecraft:feather":3,"the_pillager_legion_:legion_sword_tpl":1,"minecraft:andesite":34,"spartanweaponry:iron_battleaxe":1,"minecraft:leather":5,"minecraft:potato":1,"minecraft:filled_map":2,"spelunkers_charm:old_miners_bundle":1,"minecraft:oak_log":20,"minecraft:gunpowder":4,"minecraft:lapis_lazuli":9,"minecraft:dirt":58,"minecraft:bone":5,"minecraft:chipped_anvil":1,"minecraft:apple":2,"minecraft:stonecutter":1,"minecraft:wheat_seeds":11,"minecraft:raw_gold":1,"minecraft:grindstone":2,"minecraft:cobweb":12,"spore:mutated_fiber":5,"tacz:gun_smith_table":2,"minecraft:moss_block":4,"minecraft:raw_iron_block":1,"minecraft:blast_furnace":2,"minecraft:sand":40,"minecraft:ink_sac":5,"minecraft:spruce_sapling":95,"minecraft:white_bed":7,"minecraft:spruce_log":478,"quark:oak_chest":1,"the_pillager_legion_:legion_axe_tpl":8,"minetraps:nail_trap":6,"minecraft:mossy_cobblestone":1,"quark:cobblestone_bricks":1,"tacz:modern_kinetic_gun":1,"minetraps:pitfall_trap":1,"minecraft:painting":24,"quark:hollow_birch_log":8,"minecraft:gray_wool":1,"alexsmobs:maggot":2,"minecraft:oak_sapling":24,"butchersdelightfoods:sheepshank":1,"minecraft:black_wool":1,"spelunkers_charm:rock":3,"minecraft:coal":249},"minecraft:dropped":{"the_pillager_legion_:legion_armor_helmet":1,"minecraft:enchanted_book":1,"the_pillager_legion_:legion_armor_boots":2,"minecraft:moss_block":4,"minecraft:wheat_seeds":11,"minecraft:oak_log":1,"minecraft:tnt":3,"minecraft:crafting_table":1,"minecraft:feather":3,"minecraft:cobblestone":2,"minecraft:dark_oak_pressure_plate":1,"minecraft:apple":1,"spartanshields:iron_basic_shield":1,"minecraft:stick":34,"minecraft:cobweb":24,"minecraft:dirt":2,"spartanweaponry:iron_battleaxe":1,"minecraft:wooden_axe":1,"minecraft:potion":3,"minecraft:iron_leggings":1,"tacz:modern_kinetic_gun":1,"minecraft:raw_iron_block":1,"minecraft:string":1,"minecraft:bone":3,"minecraft:white_tulip":1,"minecraft:moss_carpet":5,"alexsmobs:maggot":2,"minecraft:birch_sapling":8,"flashlight:lantern":2,"minecraft:grindstone":1,"minecraft:rotten_flesh":16,"minecraft:oak_planks":2,"minecraft:flint_and_steel":1,"minecraft:filled_map":3,"minecraft:leather_chestplate":1,"minecraft:deepslate_tiles":1,"minecraft:tipped_arrow":11,"minecraft:spruce_planks":1,"minecraft:leather_boots":1,"the_pillager_legion_:legion_deep":1,"minecraft:oak_sapling":24,"the_pillager_legion_:legion_axe_tpl":6,"tacz:ammo":61,"minecraft:painting":5,"minecraft:spruce_log":1,"minecraft:wooden_pickaxe":1,"tacz:attachment":2},"minecraft:killed":{"minecraft:chicken":3,"takesapillage:skirmisher":1,"minecraft:squid":4,"the_pillager_legion_:veteran_infantryman_tpl":54,"minecraft:sheep":3,"spore:inf_villager":1,"minecraft:pillager":1,"minecraft:zombie":20,"spore:inf_human":6,"the_pillager_legion_:infantryman_tpl":18},"minecraft:broken":{"the_pillager_legion_:legion_armor_helmet":1,"minecraft:stone_pickaxe":1,"minecraft:shield":1,"minecraft:iron_axe":1,"minecraft:stone_axe":2,"minecraft:iron_pickaxe":1,"minecraft:golden_pickaxe":1},"minecraft:mined":{"minecraft:spruce_planks":1,"minecraft:white_bed":7,"minecraft:glow_lichen":1,"minecraft:dark_oak_pressure_plate":1,"minecraft:spruce_fence":8,"minecraft:grass_block":36,"minecraft:moss_block":4,"minecraft:frosted_ice":8,"tacz:gun_smith_table":2,"minecraft:spawner":2,"quark:hollow_birch_log":8,"minecraft:hay_block":82,"minecraft:tall_seagrass":1,"minecraft:raw_iron_block":1,"minecraft:furnace":2,"minecraft:raw_gold_block":6,"minecraft:iron_ore":82,"minecraft:fire":1,"minecraft:andesite":5,"spelunkers_charm:deepslate_rock_pile_2":4,"minecraft:potatoes":1,"minecraft:deepslate_iron_ore":11,"minecraft:vine":5,"minecraft:white_tulip":1,"minetraps:razor_wire":1,"minecraft:stone":257,"minecraft:white_wool":1,"minecraft:oak_slab":1,"minecraft:glass_pane":1,"the_pillager_legion_:legion_stone":2,"quark:oak_chest":1,"minecraft:crafting_table":7,"quark:cobblestone_bricks":1,"the_pillager_legion_:legion_deep":1,"minecraft:blast_furnace":2,"minecraft:copper_ore":48,"minecraft:tall_grass":4,"minecraft:cobblestone":21,"minecraft:lapis_ore":1,"minecraft:grindstone":1,"minecraft:wall_torch":6,"minecraft:deepslate_copper_ore":4,"minetraps:pitfall_trap":1,"spelunkers_charm:rock_pile_3":1,"minetraps:barbed_wire_fence":6,"minecraft:birch_log":4,"spelunkers_charm:deepslate_rock_pile_3":5,"minecraft:spruce_log":475,"minecraft:birch_leaves":2,"minecraft:grass":15,"minecraft:coal_ore":208,"minecraft:oak_log":19,"minecraft:sand":40,"minecraft:dirt":20,"minecraft:cobweb":2,"structure_gel:dynamic_spawner":2,"minecraft:raw_copper_block":3,"minecraft:stonecutter":1,"minecraft:chipped_anvil":1,"minecraft:oak_leaves":3,"minecraft:deepslate":11,"minecraft:fern":3}},"DataVersion":3465}