{"stats":{"minecraft:used":{"minecraft:cooked_mutton":2,"minecraft:wooden_axe":4,"minecraft:stone_pickaxe":39,"minecraft:wooden_pickaxe":4,"minecraft:stone":5,"minecraft:stone_axe":14,"minecraft:torch":1,"minecraft:dirt":8,"minecraft:crafting_table":1,"minecraft:spruce_log":6},"minecraft:crafted":{"minecraft:crafting_table":1,"minecraft:spruce_planks":76,"minecraft:stick":12,"minecraft:wooden_pickaxe":1,"minecraft:stone_pickaxe":1,"minecraft:wooden_axe":1,"minecraft:stone_sword":1,"minecraft:stone_axe":1,"minecraft:air":0,"minecraft:cooked_mutton":2},"minecraft:mined":{"minecraft:furnace":1,"minecraft:spruce_log":23,"minecraft:stripped_spruce_log":1,"minecraft:crafting_table":1,"minecraft:short_grass":20,"minecraft:coal_ore":29,"minecraft:grass_block":5,"minecraft:dirt":5,"minecraft:tall_grass":15,"minecraft:spruce_leaves":1,"minecraft:stone":12},"minecraft:custom":{"minecraft:time_since_rest":6634,"minecraft:interact_with_furnace":4,"minecraft:sprint_one_cm":29915,"minecraft:damage_taken":249,"minecraft:walk_one_cm":29437,"minecraft:drop":6,"minecraft:damage_dealt":329,"minecraft:player_kills":1,"minecraft:interact_with_crafting_table":8,"minecraft:fly_one_cm":85462,"minecraft:crouch_one_cm":548,"minecraft:play_time":14870,"minecraft:deaths":1,"minecraft:sneak_time":249,"minecraft:jump":346,"minecraft:leave_game":2,"minecraft:time_since_death":9847,"minecraft:interact_with_smoker":1,"minecraft:total_world_time":14870,"minecraft:fall_one_cm":10362},"minecraft:killed_by":{"minecraft:player":1},"minecraft:dropped":{"minecraft:dirt":1,"minecraft:wheat_seeds":2,"minecraft:wooden_axe":1,"minecraft:wooden_pickaxe":1,"minecraft:white_wool":1},"minecraft:picked_up":{"minecraft:crafting_table":1,"minecraft:stripped_spruce_log":1,"minecraft:spruce_sapling":1,"minecraft:spruce_log":24,"minecraft:dirt":7,"minecraft:wheat_seeds":2,"minecraft:mutton":2,"minecraft:coal":29,"minecraft:white_wool":1,"minecraft:cobblestone":11,"minecraft:furnace":1}},"DataVersion":3953}