{"stats":{"minecraft:mined":{"minecraft:mossy_cobblestone":1,"minecraft:torch":1,"minecraft:copper_ore":8,"minecraft:cobblestone":14,"minecraft:wall_torch":4,"minecraft:deepslate_copper_ore":4,"minecraft:large_fern":1,"minecraft:hay_block":34,"minecraft:birch_planks":1,"minecraft:birch_log":3,"minecraft:spruce_log":134,"minecraft:birch_leaves":3,"minecraft:grass":1,"minecraft:coal_ore":4,"minecraft:oak_log":6,"minecraft:iron_bars":3,"minecraft:cobweb":8,"structure_gel:dynamic_spawner":3,"minecraft:raw_copper_block":2,"minecraft:stone":6,"minecraft:netherrack":2,"minecraft:oak_leaves":21,"minecraft:fern":5},"minecraft:crafted":{"minecraft:oak_planks":20,"minecraft:crafting_table":3,"minecraft:spruce_planks":4,"minecraft:wooden_pickaxe":1,"minecraft:furnace":1,"minecraft:birch_planks":12,"minecraft:stone_axe":1,"minecraft:bread":42,"minecraft:flint_and_steel":1,"minecraft:white_wool":2,"minecraft:stick":8,"minecraft:iron_ingot":2,"minecraft:stone_pickaxe":1,"minecraft:torch":8,"minecraft:wheat":234},"minecraft:killed":{"minecraft:witch":1,"minecraft:sheep":4,"alexsmobs:banana_slug":1,"minecraft:zombie":19,"alexsmobs:fly":1},"minecraft:killed_by":{"takesapillage:archer":1,"minecraft:vex":2},"minecraft:dropped":{"minecraft:wheat_seeds":1,"minecraft:iron_nugget":1,"alexsmobs:banana_slug_slime":2,"flashlight:lantern":1,"minecraft:rotten_flesh":10,"minecraft:flint_and_steel":1,"minecraft:flint":1,"minecraft:filled_map":1,"minecraft:oak_sapling":2,"minecraft:wooden_pickaxe":1,"spartanweaponry:stone_katana":1,"minecraft:bone":1},"minecraft:custom":{"minecraft:interact_with_furnace":6,"minecraft:mob_kills":26,"minecraft:interact_with_crafting_table":8,"minecraft:open_barrel":7,"minecraft:damage_dealt_resisted":280,"minecraft:time_since_death":1610,"minecraft:climb_one_cm":477,"minecraft:time_since_rest":1647,"minecraft:sprint_one_cm":71294,"minecraft:damage_taken":1658,"minecraft:walk_one_cm":105133,"minecraft:drop":14,"minecraft:damage_dealt":3412,"minecraft:swim_one_cm":7200,"minecraft:fly_one_cm":120636,"minecraft:open_chest":3,"minecraft:crouch_one_cm":20378,"minecraft:play_time":45584,"minecraft:deaths":6,"minecraft:sneak_time":9822,"minecraft:walk_under_water_one_cm":1612,"minecraft:jump":554,"minecraft:walk_on_water_one_cm":2061,"minecraft:total_world_time":45584,"minecraft:fall_one_cm":20774},"minecraft:used":{"minecraft:moss_carpet":2,"minecraft:iron_bars":1,"minecraft:white_tulip":1,"minecraft:flint_and_steel":2,"minecraft:birch_planks":13,"minecraft:stone_pickaxe":44,"minecraft:oak_planks":5,"minecraft:wooden_pickaxe":6,"minecraft:netherrack":2,"minecraft:white_wool":3,"minecraft:torch":9,"minecraft:white_carpet":1,"minecraft:oak_slab":1,"minecraft:crafting_table":3,"minecraft:golden_chestplate":1,"spartanweaponry:stone_katana":76,"minecraft:bread":3,"minecraft:stone_axe":1,"minecraft:cobblestone":8,"minecraft:hay_block":1,"minecraft:furnace":1,"minecraft:cooked_porkchop":4,"minecraft:cobweb":4},"minecraft:picked_up":{"minecraft:birch_log":3,"butchersdelightfoods:legcow":1,"minecraft:leather":2,"minecraft:filled_map":1,"minecraft:birch_planks":1,"minecraft:oak_log":5,"minecraft:string":8,"minecraft:moss_carpet":2,"minecraft:raw_copper":39,"minecraft:flint_and_steel":1,"minecraft:white_carpet":1,"minecraft:bone":1,"butchersdelightfoods:sheeploin":1,"minecraft:wheat_seeds":2,"minecraft:white_tulip":1,"flashlight:lantern":2,"minecraft:raw_copper_block":2,"minecraft:oak_slab":1,"minecraft:stick":17,"minecraft:torch":4,"minecraft:spruce_sapling":17,"minecraft:spruce_log":134,"spartanweaponry:stone_katana":1,"minecraft:golden_chestplate":1,"minecraft:spider_eye":1,"minecraft:rotten_flesh":10,"minecraft:hay_block":27,"minecraft:iron_bars":2,"butchersdelightfoods:sheeprack":2,"minecraft:mutton":1,"alexsmobs:banana_slug_slime":2,"minecraft:white_wool":4,"minecraft:oak_sapling":2,"minecraft:netherrack":2,"minecraft:coal":4,"minecraft:cobblestone":22},"minecraft:broken":{"minecraft:stone_axe":1,"minecraft:golden_chestplate":1}},"DataVersion":3465}