{"stats":{"minecraft:used":{"minecraft:cooked_mutton":4,"minecraft:diorite":6,"minecraft:acacia_log":1,"minecraft:stone_pickaxe":248,"minecraft:spruce_planks":2,"minecraft:wooden_pickaxe":9,"minecraft:cooked_chicken":2,"minecraft:torch":6,"minecraft:dirt":7,"minecraft:crafting_table":8,"minecraft:white_bed":5,"minecraft:smoker":3,"minecraft:bread":10,"minecraft:iron_pickaxe":1,"minecraft:stone_slab":4,"minecraft:stone_axe":166,"minecraft:light_gray_wool":1,"minecraft:cobblestone":17,"minecraft:furnace":2,"minecraft:gray_wool":1},"minecraft:crafted":{"minecraft:oak_planks":4,"minecraft:cooked_porkchop":6,"minecraft:crafting_table":1,"minecraft:spruce_planks":20,"minecraft:iron_helmet":1,"minecraft:wooden_pickaxe":2,"minecraft:cooked_chicken":4,"minecraft:furnace":3,"minecraft:stone_axe":2,"minecraft:cooked_mutton":4,"minecraft:bread":51,"minecraft:air":0,"minecraft:stick":16,"minecraft:iron_ingot":10,"minecraft:iron_pickaxe":1,"minecraft:stone_pickaxe":2,"minecraft:white_bed":1,"minecraft:torch":4,"minecraft:smoker":1,"minecraft:wheat":153},"minecraft:mined":{"minecraft:spruce_planks":1,"minecraft:white_bed":3,"minecraft:smoker":2,"minecraft:crafting_table":7,"minecraft:torch":3,"minecraft:short_grass":43,"minecraft:acacia_log":1,"minecraft:grass_block":9,"minecraft:calcite":1,"minecraft:stone_slab":4,"minecraft:cobblestone":10,"minecraft:tall_grass":13,"minecraft:spruce_leaves":30,"minecraft:diorite":80,"minecraft:hay_block":17,"minecraft:seagrass":1,"minecraft:iron_ore":30,"minecraft:spruce_log":59,"minecraft:stripped_spruce_log":2,"minecraft:oak_log":13,"minecraft:coal_ore":30,"minecraft:gravel":1,"minecraft:dirt":6,"minecraft:stone":51,"minecraft:white_tulip":1,"minecraft:oak_leaves":2},"minecraft:killed":{"minecraft:pig":15,"minecraft:salmon":9,"minecraft:sheep":25,"minecraft:zombie":1,"minecraft:chicken":13,"minecraft:cow":5},"minecraft:custom":{"minecraft:interact_with_furnace":7,"minecraft:mob_kills":68,"minecraft:interact_with_crafting_table":17,"minecraft:time_since_death":4185,"minecraft:sleep_in_bed":5,"minecraft:time_since_rest":4215,"minecraft:sprint_one_cm":138771,"minecraft:damage_taken":988,"minecraft:walk_one_cm":130502,"minecraft:drop":18,"minecraft:damage_dealt":5854,"minecraft:swim_one_cm":23514,"minecraft:talked_to_villager":2,"minecraft:fly_one_cm":350751,"minecraft:player_kills":1,"minecraft:crouch_one_cm":22220,"minecraft:play_time":59696,"minecraft:deaths":2,"minecraft:sneak_time":8495,"minecraft:walk_under_water_one_cm":17524,"minecraft:jump":1639,"minecraft:walk_on_water_one_cm":11253,"minecraft:total_world_time":59696,"minecraft:interact_with_smoker":20,"minecraft:fall_one_cm":44353},"minecraft:killed_by":{"minecraft:player":2},"minecraft:dropped":{"minecraft:white_tulip":1,"minecraft:stripped_spruce_log":2,"minecraft:wheat_seeds":7,"minecraft:raw_iron":3,"minecraft:light_gray_wool":1,"minecraft:mutton":2,"minecraft:wooden_pickaxe":3,"minecraft:calcite":1},"minecraft:broken":{"minecraft:stone_pickaxe":2,"minecraft:stone_axe":1},"minecraft:picked_up":{"minecraft:crafting_table":7,"minecraft:feather":9,"minecraft:chicken":13,"minecraft:salmon":8,"minecraft:leather":6,"minecraft:stone_slab":4,"minecraft:wooden_pickaxe":1,"minecraft:smoker":2,"minecraft:oak_log":16,"minecraft:dirt":15,"minecraft:wheat_seeds":7,"minecraft:spruce_planks":1,"minecraft:beef":10,"minecraft:white_tulip":1,"minecraft:calcite":1,"minecraft:light_gray_wool":2,"minecraft:raw_iron":33,"minecraft:torch":3,"minecraft:acacia_log":1,"minecraft:porkchop":27,"minecraft:diorite":85,"minecraft:stripped_spruce_log":2,"minecraft:spruce_sapling":5,"minecraft:white_bed":5,"minecraft:spruce_log":65,"minecraft:hay_block":17,"minecraft:gray_wool":3,"minecraft:cobblestone":60,"minecraft:mutton":36,"minecraft:coal":81,"minecraft:white_wool":21}},"DataVersion":3953}