{"stats":{"minecraft:mined":{"minecraft:hay_block":17,"minecraft:birch_planks":1,"minecraft:birch_log":3,"minecraft:birch_leaves":3,"minecraft:grass":1,"minecraft:oak_log":6,"minecraft:copper_ore":4,"minecraft:cobblestone":12,"minecraft:stone":6,"minecraft:oak_leaves":21},"minecraft:crafted":{"minecraft:oak_planks":16,"minecraft:crafting_table":1,"minecraft:stick":4,"minecraft:wooden_pickaxe":1,"minecraft:stone_pickaxe":1,"minecraft:birch_planks":12,"minecraft:stone_axe":1},"minecraft:killed":{"minecraft:zombie":8,"alexsmobs:fly":1},"minecraft:dropped":{"minecraft:oak_sapling":1,"minecraft:wooden_pickaxe":1},"minecraft:custom":{"minecraft:time_since_rest":13705,"minecraft:sprint_one_cm":29090,"minecraft:damage_taken":314,"minecraft:walk_one_cm":35810,"minecraft:mob_kills":9,"minecraft:drop":2,"minecraft:damage_dealt":1588,"minecraft:interact_with_crafting_table":3,"minecraft:swim_one_cm":4998,"minecraft:fly_one_cm":53367,"minecraft:open_chest":1,"minecraft:crouch_one_cm":14395,"minecraft:play_time":21584,"minecraft:deaths":1,"minecraft:sneak_time":7293,"minecraft:walk_under_water_one_cm":1100,"minecraft:jump":240,"minecraft:damage_dealt_resisted":186,"minecraft:walk_on_water_one_cm":1105,"minecraft:time_since_death":13671,"minecraft:total_world_time":21584,"minecraft:climb_one_cm":53,"minecraft:fall_one_cm":10567},"minecraft:used":{"spartanweaponry:stone_katana":35,"minecraft:white_tulip":1,"minecraft:birch_planks":13,"minecraft:bread":2,"minecraft:stone_pickaxe":17,"minecraft:oak_planks":1,"minecraft:wooden_pickaxe":6,"minecraft:cobblestone":4,"minecraft:hay_block":1,"minecraft:crafting_table":1,"minecraft:golden_chestplate":1},"minecraft:picked_up":{"minecraft:birch_log":3,"minecraft:stick":2,"minecraft:birch_planks":1,"minecraft:oak_log":5,"minecraft:golden_chestplate":1,"minecraft:raw_copper":15,"minecraft:rotten_flesh":6,"minecraft:hay_block":15,"minecraft:white_tulip":1,"minecraft:oak_sapling":2,"minecraft:cobblestone":18}},"DataVersion":3465}