{"stats":{"minecraft:custom":{"lootr:looted_stat":17,"minecraft:interact_with_crafting_table":60,"minecraft:open_barrel":7,"minecraft:leave_game":5,"minecraft:time_since_death":679,"minecraft:sprint_one_cm":384972,"minecraft:damage_blocked_by_shield":2035,"minecraft:drop":70,"minecraft:talked_to_villager":2,"minecraft:play_time":335173,"minecraft:deaths":18,"minecraft:jump":2724,"minecraft:walk_on_water_one_cm":29681,"minecraft:interact_with_furnace":78,"minecraft:play_record":1,"minecraft:sleep_in_bed":6,"minecraft:damage_dealt":13435,"minecraft:crouch_one_cm":202204,"minecraft:mob_kills":91,"minecraft:interact_with_anvil":3,"minecraft:damage_dealt_resisted":939,"minecraft:climb_one_cm":5212,"minecraft:walk_one_cm":662689,"minecraft:sneak_time":79854,"minecraft:walk_under_water_one_cm":58367,"minecraft:interact_with_blast_furnace":17,"minecraft:total_world_time":335173,"spartanshields:shield_bash_hits":3,"minecraft:interact_with_stonecutter":12,"minecraft:time_since_rest":712,"minecraft:damage_taken":6806,"minecraft:swim_one_cm":59263,"minecraft:fly_one_cm":391548,"minecraft:open_chest":75,"minecraft:fall_one_cm":69410},"minecraft:crafted":{"minecraft:black_dye":2,"minecraft:oak_planks":20,"minecraft:stone":3,"connectedglass:borderless_glass":12,"securitycraft:laser_block":2,"minecraft:glass":25,"minecraft:crafting_table":9,"minecraft:spruce_planks":276,"minecraft:wooden_pickaxe":1,"securitycraft:universal_block_reinforcer_lvl2":1,"minecraft:spruce_door":6,"minecraft:copper_ingot":41,"minecraft:birch_planks":12,"minecraft:campfire":4,"minecraft:shield":1,"minecraft:stick":60,"minecraft:iron_ingot":39,"minecraft:iron_pickaxe":3,"minecraft:gold_ingot":46,"minecraft:shears":1,"securitycraft:universal_block_reinforcer_lvl1":1,"minecraft:furnace":3,"minecraft:diamond_block":2,"minecraft:glass_pane":16,"minecraft:flint_and_steel":1,"minecraft:iron_axe":1,"securitycraft:universal_block_remover":1,"quark:cobblestone_bricks":4,"minecraft:stone_pickaxe":1,"minecraft:redstone_block":2,"minecraft:wheat":378,"minecraft:bucket":1,"minecraft:stone_axe":1,"minecraft:bread":126,"minecraft:air":0,"minecraft:black_stained_glass":8,"minecraft:white_wool":2,"minecraft:iron_shovel":3,"minecraft:stonecutter":1,"minecraft:white_bed":1,"minecraft:torch":152,"connectedglass:borderless_glass_black":8},"minecraft:killed_by":{"the_pillager_legion_:infantryman_tpl":3,"the_pillager_legion_:veteran_infantryman_tpl":4,"minecraft:zombie":1,"minecraft:vex":2,"takesapillage:legioner":1,"takesapillage:archer":1,"spore:stalker":1},"minecraft:used":{"minecraft:moss_carpet":2,"minecraft:iron_shovel":907,"minecraft:shield":8,"securitycraft:reinforced_deepslate_bricks":143,"minecraft:tuff":4,"minecraft:stripped_spruce_log":1,"spartanweaponry:stone_katana":126,"minecraft:stone_bricks":2,"minecraft:magma_block":2,"spartanshields:iron_basic_shield":19,"minecraft:hay_block":1,"minecraft:furnace":6,"the_pillager_legion_:legion_armor_boots":1,"minecraft:spruce_door":7,"securitycraft:reinforced_spruce_planks":5,"minecraft:stone_pickaxe":133,"minecraft:oak_planks":5,"minecraft:wooden_pickaxe":6,"minecraft:white_wool":3,"minecraft:golden_apple":1,"securitycraft:universal_block_remover":10,"burnt:burnt_dirt":1,"minecraft:bread":48,"quark:cobblestone_bricks_stairs":110,"the_pillager_legion_:legion_cut_deep_3":23,"minecraft:gravel":2,"minecraft:andesite":64,"minecraft:coarse_dirt":8,"minecraft:cobweb":4,"minecraft:iron_bars":2,"minecraft:white_tulip":1,"minecraft:flint_and_steel":3,"minecraft:spruce_planks":195,"minecraft:netherrack":2,"minecraft:torch":160,"minecraft:white_carpet":1,"quark:tuff_pillar":15,"minecraft:golden_chestplate":1,"minecraft:spruce_fence":3,"minecraft:iron_axe":131,"the_pillager_legion_:legion_cut_deep_2":20,"butchersdelightfoods:sheeploin":1,"minecraft:cobbled_deepslate":52,"minecraft:water_bucket":2,"minecraft:birch_planks":13,"quark:cobblestone_bricks":156,"minecraft:glass_bottle":32,"minecraft:stonecutter":1,"minecraft:deepslate_bricks":20,"minecraft:cracked_stone_bricks":2,"minecraft:music_disc_cat":1,"minecraft:tnt":1,"minecraft:oak_slab":1,"minecraft:crafting_table":14,"minecraft:white_bed":2,"minecraft:campfire":4,"minecraft:spruce_log":57,"minecraft:diamond_pickaxe":2,"minecraft:apple":6,"minecraft:iron_pickaxe":1763,"the_pillager_legion_:legion_stone":1,"minecraft:stone_axe":1,"minecraft:cobblestone":124,"minecraft:potion":45,"minecraft:cooked_porkchop":4,"minecraft:bucket":3},"minecraft:picked_up":{"quark:diamond_heart":1,"minecraft:iron_chestplate":1,"butchersdelightfoods:legcow":1,"minecraft:potion":3,"minecraft:enchanted_book":1,"minecraft:string":9,"minecraft:raw_copper":119,"minecraft:iron_leggings":1,"minecraft:deepslate_tiles":2,"minecraft:cobbled_deepslate":382,"securitycraft:reinforced_spruce_planks":5,"minecraft:white_tulip":1,"flashlight:lantern":2,"the_pillager_legion_:legion_armor_helmet":1,"minecraft:furnace":3,"minecraft:stick":17,"minecraft:torch":21,"tacz:attachment":2,"minecraft:pointed_dripstone":2,"spartanweaponry:stone_katana":1,"minecraft:golden_chestplate":1,"minecraft:rotten_flesh":31,"the_pillager_legion_:legion_stone":1,"minecraft:obsidian":2,"minecraft:iron_bars":3,"minecraft:cobblestone":669,"minecraft:birch_log":3,"minecraft:magma_block":8,"minecraft:andesite":67,"spartanweaponry:iron_battleaxe":1,"spartanshields:iron_basic_shield":1,"minecraft:tuff":29,"minecraft:lapis_lazuli":20,"minecraft:dirt":846,"minecraft:bone":9,"minecraft:wheat_seeds":10,"minecraft:raw_gold":25,"minecraft:moss_block":12,"spore:cerebrum":2,"minecraft:sand":20,"minecraft:stripped_spruce_log":1,"minecraft:ink_sac":2,"butcher:sulfur":20,"quark:cobblestone_bricks_stairs":2,"minecraft:diamond":37,"minecraft:crossbow":1,"minecraft:bread":32,"alexsmobs:banana_slug_slime":2,"spore:spine_fragment":1,"minecraft:oak_sapling":2,"minecraft:netherrack":2,"minecraft:coarse_dirt":8,"minecraft:crafting_table":5,"securitycraft:reinforced_black_stained_glass":8,"spelunkers_charm:deepslate_rock":2,"minecraft:shield":1,"minecraft:moss_carpet":2,"minecraft:flint_and_steel":1,"minecraft:white_carpet":1,"tacz:ammo":121,"butchersdelightfoods:sheeploin":1,"minecraft:cracked_stone_bricks":2,"securitycraft:reinforced_deepslate_bricks":170,"minecraft:lectern":1,"minecraft:phantom_membrane":1,"minecraft:raw_copper_block":14,"minecraft:raw_iron":108,"minecraft:spruce_fence":3,"minecraft:redstone":88,"minecraft:arrow":4,"minecraft:deepslate_bricks":18,"minecraft:hay_block":43,"the_pillager_legion_:legion_armor_boots":5,"butchersdelightfoods:sheeprack":2,"minecraft:mutton":1,"minecraft:white_wool":4,"the_pillager_legion_:legion_cut_deep_2":2,"securitycraft:reinforced_diamond_block":2,"minecraft:leather":2,"minecraft:birch_planks":1,"minecraft:filled_map":1,"minecraft:oak_log":5,"minecraft:gunpowder":3,"minecraft:stone_bricks":2,"spore:mutated_fiber":9,"the_pillager_legion_:legion_cut_deep_3":13,"the_pillager_legion_:legion_deep":1,"minecraft:glass_bottle":1,"quark:tuff_pillar":8,"minecraft:oak_slab":1,"minecraft:raw_iron_block":9,"minecraft:gravel":6,"burnt:burnt_dirt":1,"minecraft:spruce_sapling":17,"minecraft:spruce_log":139,"minecraft:white_bed":1,"minecraft:spider_eye":2,"the_pillager_legion_:legion_axe_tpl":3,"minecraft:spruce_door":1,"minecraft:leather_helmet":3,"quark:cobblestone_bricks":141,"minecraft:slime_ball":1,"tacz:modern_kinetic_gun":3,"minecraft:painting":1,"minecraft:coal":159,"minecraft:ender_pearl":1},"minecraft:dropped":{"alexsmobs:banana_slug_slime":2,"minecraft:glass_bottle":1,"minecraft:leather_helmet":3,"minecraft:flint":1,"minecraft:dirt":128,"minecraft:grass":1,"minecraft:bone":6,"minecraft:gravel":3,"minecraft:iron_nugget":1,"minecraft:pointed_dripstone":2,"minecraft:rotten_flesh":12,"minecraft:leather_chestplate":1,"minecraft:gunpowder":3,"minecraft:leather_boots":1,"minecraft:painting":1,"minecraft:iron_bars":1,"spartanweaponry:stone_katana":1,"the_pillager_legion_:legion_armor_boots":5,"minecraft:bread":64,"minecraft:wheat_seeds":9,"spartanweaponry:iron_battleaxe":1,"minecraft:iron_leggings":1,"tacz:modern_kinetic_gun":3,"flashlight:lantern":1,"minecraft:raw_iron":74,"minecraft:flint_and_steel":1,"minecraft:filled_map":1,"minecraft:shield":2,"minecraft:iron_chestplate":2,"minecraft:oak_sapling":2,"the_pillager_legion_:legion_axe_tpl":3,"tacz:ammo":2,"minecraft:spruce_log":6,"minecraft:wooden_pickaxe":1},"minecraft:broken":{"minecraft:iron_shovel":3,"spartanweaponry:stone_katana":1,"minecraft:stone_pickaxe":1,"minecraft:stone_axe":1,"minecraft:golden_chestplate":1,"minecraft:iron_axe":1,"minecraft:iron_pickaxe":3},"minecraft:killed":{"minecraft:witch":1,"alexsmobs:banana_slug":1,"spore:inf_player":2,"minecraft:sheep":4,"spore:inf_villager":1,"minecraft:zombie":42,"spore:inf_human":1,"alexsmobs:fly":1,"minecraft:squid":1,"the_pillager_legion_:veteran_infantryman_tpl":23,"spore:inf_pillager":2,"the_pillager_legion_:infantryman_tpl":5},"minecraft:mined":{"minecraft:spruce_planks":1,"minecraft:white_bed":1,"minecraft:obsidian":2,"minecraft:grass_block":32,"minecraft:deepslate_bricks":17,"minecraft:frosted_ice":10,"minecraft:spawner":6,"minecraft:magma_block":12,"minecraft:raw_iron_block":8,"minecraft:iron_ore":63,"minecraft:cobbled_deepslate":8,"quark:tuff_pillar":8,"minecraft:deepslate_lapis_ore":3,"minecraft:pointed_dripstone":1,"minecraft:dirt_path":1,"minecraft:iron_bars":4,"minetraps:razor_wire":1,"quark:cobblestone_bricks_stairs":2,"minecraft:deepslate_redstone_ore":16,"minecraft:blackstone":1,"minecraft:torch":2,"quark:cobblestone_bricks":156,"the_pillager_legion_:legion_deep":4,"minecraft:cobblestone":31,"minecraft:grindstone":1,"minecraft:wall_torch":8,"minecraft:deepslate_copper_ore":4,"minecraft:birch_log":3,"butcher:sulfurore":6,"the_pillager_legion_:legion_cut_deep_2":2,"minecraft:grass":7,"minecraft:oak_log":6,"minecraft:sand":30,"minecraft:dirt":870,"structure_gel:dynamic_spawner":3,"minecraft:raw_copper_block":14,"minecraft:netherrack":2,"minecraft:oak_leaves":21,"minecraft:deepslate":431,"minecraft:deepslate_tiles":3,"minecraft:tuff":29,"minecraft:mossy_cobblestone":1,"minecraft:deepslate_diamond_ore":24,"minecraft:glow_lichen":1,"the_pillager_legion_:legion_cut_deep_3":13,"minecraft:brown_mushroom_block":4,"minecraft:moss_block":9,"minecraft:large_fern":1,"minecraft:hay_block":53,"minecraft:redstone_ore":3,"minecraft:furnace":3,"minecraft:andesite":99,"minecraft:stripped_spruce_log":1,"spelunkers_charm:deepslate_rock_pile_2":1,"minecraft:deepslate_iron_ore":23,"minecraft:stone":667,"minecraft:podzol":1,"the_pillager_legion_:legion_stone":3,"minecraft:hanging_roots":1,"minecraft:spruce_door":2,"minecraft:crafting_table":5,"burnt:burnt_dirt":1,"minecraft:lectern":1,"minecraft:copper_ore":34,"minecraft:deepslate_coal_ore":106,"minecraft:deepslate_gold_ore":14,"minecraft:birch_planks":1,"minecraft:coarse_dirt":8,"minecraft:spruce_log":136,"minecraft:birch_leaves":3,"minecraft:coal_ore":36,"minecraft:gravel":3,"minecraft:cobweb":8,"minecraft:cracked_stone_bricks":2,"minecraft:stone_bricks":2,"minecraft:fern":5}},"DataVersion":3465}