{"stats":{"minecraft:mined":{"minecraft:spruce_planks":1,"minecraft:mossy_cobblestone":1,"the_pillager_legion_:legion_cut_deep_3":2,"minecraft:deepslate_bricks":12,"minecraft:spawner":2,"minecraft:large_fern":1,"minecraft:hay_block":53,"minecraft:furnace":1,"minecraft:iron_ore":36,"minecraft:cobbled_deepslate":2,"minecraft:andesite":93,"minecraft:stripped_spruce_log":1,"minecraft:iron_bars":4,"minecraft:stone":49,"the_pillager_legion_:legion_stone":2,"burnt:burnt_dirt":1,"minecraft:crafting_table":1,"minecraft:torch":1,"the_pillager_legion_:legion_deep":2,"minecraft:copper_ore":8,"minecraft:cobblestone":18,"minecraft:wall_torch":6,"minecraft:deepslate_copper_ore":4,"minecraft:birch_planks":1,"minecraft:coarse_dirt":8,"minecraft:birch_log":3,"minecraft:spruce_log":134,"minecraft:birch_leaves":3,"minecraft:grass":2,"minecraft:oak_log":6,"minecraft:coal_ore":4,"minecraft:gravel":1,"minecraft:cobweb":8,"structure_gel:dynamic_spawner":3,"minecraft:cracked_stone_bricks":2,"minecraft:raw_copper_block":2,"minecraft:stone_bricks":2,"minecraft:netherrack":2,"minecraft:oak_leaves":21,"minecraft:deepslate":34,"minecraft:fern":5},"minecraft:crafted":{"minecraft:oak_planks":20,"minecraft:furnace":2,"minecraft:flint_and_steel":1,"minecraft:iron_axe":1,"minecraft:stone_pickaxe":1,"minecraft:wheat":234,"minecraft:crafting_table":4,"minecraft:spruce_planks":16,"minecraft:wooden_pickaxe":1,"minecraft:birch_planks":12,"minecraft:stone_axe":1,"minecraft:bread":42,"minecraft:air":0,"minecraft:white_wool":2,"minecraft:shield":1,"minecraft:stick":8,"minecraft:iron_pickaxe":1,"minecraft:iron_ingot":9,"minecraft:torch":16},"minecraft:killed":{"minecraft:witch":1,"alexsmobs:banana_slug":1,"the_pillager_legion_:veteran_infantryman_tpl":14,"minecraft:sheep":4,"minecraft:zombie":21,"alexsmobs:fly":1,"the_pillager_legion_:infantryman_tpl":5},"minecraft:killed_by":{"the_pillager_legion_:infantryman_tpl":3,"takesapillage:legioner":1,"takesapillage:archer":1,"the_pillager_legion_:veteran_infantryman_tpl":4,"spore:stalker":1,"minecraft:vex":2},"minecraft:custom":{"minecraft:mob_kills":54,"minecraft:interact_with_crafting_table":14,"minecraft:open_barrel":7,"minecraft:damage_dealt_resisted":541,"minecraft:leave_game":1,"minecraft:time_since_death":17039,"minecraft:climb_one_cm":2616,"minecraft:sprint_one_cm":97658,"minecraft:walk_one_cm":173998,"minecraft:drop":23,"minecraft:talked_to_villager":2,"minecraft:play_time":91260,"minecraft:deaths":15,"minecraft:sneak_time":30404,"minecraft:walk_under_water_one_cm":1968,"minecraft:jump":939,"minecraft:walk_on_water_one_cm":4011,"minecraft:total_world_time":91260,"minecraft:interact_with_furnace":14,"minecraft:play_record":1,"minecraft:time_since_rest":17066,"minecraft:damage_taken":4085,"minecraft:damage_dealt":6671,"minecraft:fly_one_cm":158659,"minecraft:swim_one_cm":7200,"minecraft:open_chest":10,"minecraft:crouch_one_cm":80157,"minecraft:fall_one_cm":37728},"minecraft:dropped":{"the_pillager_legion_:legion_armor_boots":2,"minecraft:wheat_seeds":1,"alexsmobs:banana_slug_slime":2,"minecraft:flint":1,"spartanweaponry:iron_battleaxe":1,"minecraft:bone":2,"minecraft:iron_nugget":1,"flashlight:lantern":1,"minecraft:rotten_flesh":10,"minecraft:flint_and_steel":1,"minecraft:filled_map":1,"minecraft:oak_sapling":2,"minecraft:leather_boots":1,"the_pillager_legion_:legion_axe_tpl":3,"minecraft:iron_bars":1,"minecraft:wooden_pickaxe":1,"spartanweaponry:stone_katana":1},"minecraft:used":{"minecraft:moss_carpet":2,"minecraft:iron_bars":2,"minecraft:white_tulip":1,"minecraft:flint_and_steel":3,"minecraft:netherrack":2,"minecraft:torch":23,"minecraft:white_carpet":1,"minecraft:golden_chestplate":1,"minecraft:spruce_fence":3,"minecraft:stripped_spruce_log":1,"spartanweaponry:stone_katana":126,"minecraft:iron_axe":12,"the_pillager_legion_:legion_cut_deep_2":20,"minecraft:stone_bricks":2,"butchersdelightfoods:sheeploin":1,"minecraft:hay_block":1,"minecraft:furnace":2,"minecraft:cobbled_deepslate":29,"the_pillager_legion_:legion_armor_boots":1,"minecraft:birch_planks":13,"minecraft:stone_pickaxe":133,"minecraft:oak_planks":5,"minecraft:wooden_pickaxe":6,"minecraft:deepslate_bricks":12,"minecraft:cracked_stone_bricks":2,"minecraft:white_wool":3,"minecraft:music_disc_cat":1,"minecraft:oak_slab":1,"minecraft:tnt":1,"minecraft:crafting_table":4,"minecraft:bread":4,"burnt:burnt_dirt":1,"minecraft:iron_pickaxe":150,"the_pillager_legion_:legion_cut_deep_3":18,"minecraft:gravel":1,"the_pillager_legion_:legion_stone":1,"minecraft:stone_axe":1,"minecraft:cobblestone":40,"minecraft:potion":3,"minecraft:cooked_porkchop":4,"minecraft:andesite":61,"minecraft:coarse_dirt":8,"minecraft:cobweb":4},"minecraft:picked_up":{"minecraft:crafting_table":1,"minecraft:coarse_dirt":8,"butchersdelightfoods:legcow":1,"minecraft:potion":3,"minecraft:shield":1,"minecraft:string":8,"minecraft:moss_carpet":2,"minecraft:raw_copper":39,"minecraft:flint_and_steel":1,"minecraft:white_carpet":1,"butchersdelightfoods:sheeploin":1,"minecraft:cracked_stone_bricks":2,"minecraft:cobbled_deepslate":31,"minecraft:white_tulip":1,"flashlight:lantern":2,"minecraft:raw_copper_block":2,"minecraft:furnace":1,"minecraft:stick":17,"minecraft:raw_iron":36,"minecraft:torch":7,"minecraft:spruce_fence":3,"spartanweaponry:stone_katana":1,"minecraft:golden_chestplate":1,"minecraft:rotten_flesh":10,"the_pillager_legion_:legion_stone":1,"minecraft:deepslate_bricks":14,"minecraft:hay_block":43,"the_pillager_legion_:legion_armor_boots":3,"butchersdelightfoods:sheeprack":2,"minecraft:mutton":1,"minecraft:iron_bars":3,"minecraft:white_wool":4,"minecraft:cobblestone":63,"minecraft:birch_log":3,"minecraft:andesite":61,"spartanweaponry:iron_battleaxe":1,"minecraft:leather":2,"minecraft:filled_map":1,"minecraft:birch_planks":1,"minecraft:oak_log":5,"minecraft:bone":2,"minecraft:stone_bricks":2,"minecraft:wheat_seeds":2,"the_pillager_legion_:legion_cut_deep_3":2,"spore:mutated_fiber":2,"minecraft:oak_slab":1,"minecraft:gravel":1,"burnt:burnt_dirt":1,"minecraft:stripped_spruce_log":1,"minecraft:spruce_sapling":17,"minecraft:spruce_log":134,"the_pillager_legion_:legion_axe_tpl":3,"minecraft:spider_eye":1,"alexsmobs:banana_slug_slime":2,"minecraft:oak_sapling":2,"minecraft:netherrack":2,"minecraft:coal":5},"minecraft:broken":{"spartanweaponry:stone_katana":1,"minecraft:stone_pickaxe":1,"minecraft:stone_axe":1,"minecraft:golden_chestplate":1}},"DataVersion":3465}