{"stats":{"minecraft:broken":{"minecraft:stone_pickaxe":1,"minecraft:leather_boots":1,"minecraft:iron_pickaxe":1},"minecraft:crafted":{"minecraft:crafting_table":3,"minecraft:spruce_planks":28,"minecraft:wooden_pickaxe":1,"lrarmor:armored_chemical_leggings":1,"minecraft:furnace":2,"spartanshields:stone_basic_shield":1,"minecraft:campfire":1,"minecraft:air":0,"minecraft:iron_boots":1,"minecraft:iron_chestplate":1,"minecraft:iron_axe":1,"minecraft:stick":20,"minecraft:iron_pickaxe":2,"minecraft:iron_ingot":21,"minecraft:stone_pickaxe":1,"spartanshields:wooden_basic_shield":1,"minecraft:torch":12},"minecraft:mined":{"minecraft:exposed_copper":1,"quark:shale":6,"minecraft:potted_flowering_azalea_bush":1,"minecraft:crafting_table":2,"minecraft:gray_stained_glass_pane":6,"minecraft:white_stained_glass_pane":3,"minecraft:cracked_polished_blackstone_bricks":1,"minecraft:campfire":1,"minecraft:copper_ore":20,"minecraft:cobblestone":30,"minecraft:lapis_ore":3,"minecraft:spruce_leaves":4,"projectvibrantjourneys:fallen_leaves":1,"minecraft:iron_door":2,"minecraft:diorite":61,"minecraft:wall_torch":5,"minecraft:spruce_stairs":2,"minecraft:furnace":1,"minecraft:iron_ore":17,"minecraft:ice":2,"minecraft:spruce_log":10,"minecraft:smooth_stone_slab":1,"projectvibrantjourneys:short_grass":1,"minecraft:coal_ore":51,"minecraft:deepslate_iron_ore":5,"minecraft:purple_carpet":5,"minecraft:gravel":5,"minecraft:dripstone_block":2,"minecraft:dirt":4,"projectvibrantjourneys:ice_chunks":2,"minecraft:stone_bricks":10,"minecraft:polished_blackstone":1,"minecraft:stone":204,"minecraft:deepslate":5},"minecraft:picked_up":{"minecraft:charcoal":2,"minecraft:crafting_table":2,"minecraft:exposed_copper":1,"minecraft:iron_door":2,"minecraft:flower_pot":2,"minecraft:leather_leggings":1,"minecraft:potion":5,"minecraft:flint":2,"minecraft:gunpowder":2,"minecraft:lapis_lazuli":17,"minecraft:string":2,"minecraft:dirt":5,"minecraft:paper":1,"minecraft:raw_copper":70,"minecraft:smooth_stone_slab":2,"minecraft:armor_stand":1,"minecraft:purple_carpet":1,"tacz:ammo":22,"minecraft:bone":2,"minecraft:stone_bricks":2,"minecraft:cobbled_deepslate":2,"minecraft:spruce_planks":32,"spore:mutated_fiber":28,"minecraft:iron_nugget":11,"minecraft:flowering_azalea":2,"minecraft:phantom_membrane":1,"minecraft:furnace":1,"minecraft:raw_iron":22,"minecraft:stick":3,"spore:cerebrum":4,"quark:shale":6,"minecraft:copper_ingot":11,"minecraft:torch":4,"minecraft:gravel":3,"minecraft:spruce_stairs":1,"minecraft:dripstone_block":2,"minecraft:spruce_sapling":4,"minecraft:diorite":57,"minecraft:spruce_log":10,"minecraft:spider_eye":1,"minecraft:rotten_flesh":41,"minecraft:soul_lantern":1,"minecraft:cracked_polished_blackstone_bricks":1,"minecraft:polished_blackstone":1,"minecraft:coal":50,"minecraft:cobblestone":211,"minecraft:ender_pearl":1},"minecraft:dropped":{"minecraft:gravel":2,"minecraft:dripstone_block":2,"minecraft:rotten_flesh":7,"quark:shale":6,"minecraft:leather_helmet":1,"lrarmor:armored_chemical_leggings":1,"minecraft:stick":4,"minecraft:dirt":3,"minecraft:leather_chestplate":1,"minecraft:flower_pot":1,"minecraft:iron_chestplate":1,"minecraft:leather_leggings":2,"minecraft:flowering_azalea":2,"minecraft:wooden_pickaxe":1,"minecraft:paper":1,"minecraft:string":2,"minecraft:spruce_sapling":4,"minecraft:armor_stand":1},"minecraft:killed":{"spore:inf_wanderer":1,"spore:inf_pillager":1,"spore:inf_villager":6,"minecraft:zombie":40,"spore:inf_human":6,"zombie_island:firefighter_walker":1,"alexsmobs:centipede_head":2,"minecraft:drowned":1,"zombie_island:runner_2":1,"zombie_island:hazmat_walker":1},"minecraft:used":{"minecraft:water_bucket":5,"minecraft:diorite":2,"minecraft:glass_bottle":5,"minecraft:stone_pickaxe":131,"minecraft:wooden_pickaxe":15,"minecraft:torch":9,"minecraft:dirt":2,"minecraft:crafting_table":5,"minecraft:spruce_stairs":1,"minecraft:campfire":1,"spartanweaponry:iron_katana":102,"minecraft:exposed_copper":1,"minecraft:iron_axe":3,"minecraft:bread":18,"minecraft:iron_pickaxe":293,"minecraft:gravel":1,"minecraft:tadpole_bucket":1,"minecraft:potion":10,"minecraft:cobblestone":174,"minecraft:furnace":2,"minecraft:bucket":6,"minecraft:smooth_stone_slab":1,"minecraft:purple_carpet":1},"minecraft:killed_by":{"minecraft:zombie":3,"spore:inf_human":4,"zombie_island:hazmat_walker":1,"spore:inf_pillager":1},"minecraft:custom":{"minecraft:interact_with_furnace":15,"lootr:looted_stat":10,"spartanshields:shield_bash_hits":1,"minecraft:mob_kills":62,"minecraft:interact_with_crafting_table":27,"minecraft:open_barrel":2,"minecraft:interact_with_campfire":5,"minecraft:damage_dealt_resisted":1504,"minecraft:time_since_death":15368,"minecraft:climb_one_cm":4017,"minecraft:time_since_rest":10152,"minecraft:sprint_one_cm":135045,"minecraft:damage_taken":4017,"minecraft:walk_one_cm":198012,"minecraft:drop":30,"minecraft:damage_dealt":2727,"minecraft:fly_one_cm":184467,"minecraft:open_chest":1,"minecraft:crouch_one_cm":53343,"minecraft:play_time":101478,"minecraft:deaths":13,"minecraft:sneak_time":26710,"minecraft:walk_under_water_one_cm":6357,"minecraft:jump":1051,"minecraft:walk_on_water_one_cm":7475,"minecraft:total_world_time":101478,"minecraft:fall_one_cm":16877}},"DataVersion":3465}