{"stats":{"minecraft:used":{"minecraft:cooked_mutton":4,"minecraft:stone_pickaxe":96,"minecraft:spruce_planks":1,"minecraft:wooden_pickaxe":7,"minecraft:cooked_chicken":1,"minecraft:crafting_table":6,"minecraft:white_bed":3,"minecraft:smoker":2,"minecraft:bread":1,"minecraft:stone_slab":4,"minecraft:stone_axe":100,"minecraft:light_gray_wool":1,"minecraft:cobblestone":3,"minecraft:furnace":1,"minecraft:gray_wool":1},"minecraft:crafted":{"minecraft:cooked_porkchop":6,"minecraft:crafting_table":1,"minecraft:spruce_planks":16,"minecraft:wooden_pickaxe":1,"minecraft:cooked_chicken":4,"minecraft:furnace":2,"minecraft:stone_axe":2,"minecraft:cooked_mutton":4,"minecraft:bread":51,"minecraft:air":0,"minecraft:stick":8,"minecraft:stone_pickaxe":1,"minecraft:white_bed":1,"minecraft:smoker":1,"minecraft:wheat":153},"minecraft:mined":{"minecraft:white_bed":2,"minecraft:smoker":2,"minecraft:crafting_table":6,"minecraft:short_grass":41,"minecraft:grass_block":7,"minecraft:stone_slab":4,"minecraft:tall_grass":13,"minecraft:hay_block":17,"minecraft:seagrass":1,"minecraft:iron_ore":20,"minecraft:spruce_log":29,"minecraft:coal_ore":29,"minecraft:dirt":5,"minecraft:stone":35,"minecraft:white_tulip":1},"minecraft:killed":{"minecraft:pig":13,"minecraft:salmon":7,"minecraft:sheep":21,"minecraft:zombie":1,"minecraft:chicken":13,"minecraft:cow":5},"minecraft:custom":{"minecraft:interact_with_furnace":2,"minecraft:mob_kills":60,"minecraft:interact_with_crafting_table":11,"minecraft:time_since_death":33971,"minecraft:sleep_in_bed":3,"minecraft:time_since_rest":5006,"minecraft:sprint_one_cm":88653,"minecraft:damage_taken":427,"minecraft:walk_one_cm":88018,"minecraft:drop":11,"minecraft:damage_dealt":4659,"minecraft:swim_one_cm":6863,"minecraft:talked_to_villager":2,"minecraft:fly_one_cm":217166,"minecraft:player_kills":1,"minecraft:crouch_one_cm":11626,"minecraft:play_time":35696,"minecraft:deaths":1,"minecraft:sneak_time":4313,"minecraft:walk_under_water_one_cm":11197,"minecraft:jump":1045,"minecraft:walk_on_water_one_cm":7183,"minecraft:total_world_time":35696,"minecraft:interact_with_smoker":18,"minecraft:fall_one_cm":28466},"minecraft:killed_by":{"minecraft:player":1},"minecraft:dropped":{"minecraft:white_tulip":1,"minecraft:wheat_seeds":7,"minecraft:light_gray_wool":1,"minecraft:mutton":2,"minecraft:wooden_pickaxe":2},"minecraft:broken":{"minecraft:stone_axe":1},"minecraft:picked_up":{"minecraft:crafting_table":6,"minecraft:feather":9,"minecraft:chicken":13,"minecraft:salmon":6,"minecraft:leather":6,"minecraft:stone_slab":4,"minecraft:wooden_pickaxe":1,"minecraft:smoker":2,"minecraft:dirt":12,"minecraft:wheat_seeds":7,"minecraft:beef":10,"minecraft:white_tulip":1,"minecraft:light_gray_wool":2,"minecraft:raw_iron":20,"minecraft:porkchop":25,"minecraft:white_bed":3,"minecraft:spruce_log":31,"minecraft:hay_block":17,"minecraft:gray_wool":2,"minecraft:cobblestone":35,"minecraft:mutton":30,"minecraft:coal":80,"minecraft:white_wool":18}},"DataVersion":3953}