{"stats":{"minecraft:mined":{"minecraft:spruce_planks":1,"minecraft:white_bed":1,"minecraft:mossy_cobblestone":1,"minecraft:grass_block":20,"the_pillager_legion_:legion_cut_deep_3":7,"minecraft:deepslate_bricks":12,"minecraft:spawner":4,"minecraft:large_fern":1,"minecraft:hay_block":53,"minecraft:furnace":2,"minecraft:iron_ore":53,"minecraft:cobbled_deepslate":7,"minecraft:andesite":99,"minecraft:stripped_spruce_log":1,"minecraft:iron_bars":4,"minecraft:stone":145,"the_pillager_legion_:legion_stone":2,"burnt:burnt_dirt":1,"minecraft:crafting_table":3,"minecraft:torch":2,"the_pillager_legion_:legion_deep":2,"minecraft:lectern":1,"minecraft:copper_ore":15,"minecraft:cobblestone":19,"minecraft:wall_torch":6,"minecraft:deepslate_copper_ore":4,"minecraft:birch_planks":1,"minecraft:coarse_dirt":8,"minecraft:birch_log":3,"minecraft:spruce_log":134,"minecraft:birch_leaves":3,"minecraft:grass":7,"minecraft:coal_ore":28,"minecraft:oak_log":6,"minecraft:gravel":2,"minecraft:dirt":184,"minecraft:cobweb":8,"structure_gel:dynamic_spawner":3,"minecraft:cracked_stone_bricks":2,"minecraft:raw_copper_block":2,"minecraft:stone_bricks":2,"minecraft:netherrack":2,"minecraft:oak_leaves":21,"minecraft:deepslate":34,"minecraft:fern":5},"minecraft:crafted":{"minecraft:oak_planks":20,"minecraft:furnace":2,"minecraft:flint_and_steel":1,"minecraft:iron_axe":1,"minecraft:stone_pickaxe":1,"minecraft:wheat":378,"minecraft:crafting_table":4,"minecraft:spruce_planks":60,"minecraft:wooden_pickaxe":1,"minecraft:birch_planks":12,"minecraft:stone_axe":1,"minecraft:bread":126,"minecraft:air":0,"minecraft:white_wool":2,"minecraft:shield":1,"minecraft:stick":8,"minecraft:iron_ingot":11,"minecraft:iron_pickaxe":2,"minecraft:white_bed":1,"minecraft:torch":20},"minecraft:killed":{"minecraft:witch":1,"alexsmobs:banana_slug":1,"the_pillager_legion_:veteran_infantryman_tpl":20,"minecraft:sheep":4,"minecraft:zombie":26,"alexsmobs:fly":1,"the_pillager_legion_:infantryman_tpl":5},"minecraft:killed_by":{"the_pillager_legion_:infantryman_tpl":3,"takesapillage:legioner":1,"takesapillage:archer":1,"the_pillager_legion_:veteran_infantryman_tpl":4,"minecraft:zombie":1,"spore:stalker":1,"minecraft:vex":2},"minecraft:custom":{"minecraft:mob_kills":65,"minecraft:interact_with_crafting_table":21,"minecraft:open_barrel":7,"minecraft:damage_dealt_resisted":746,"minecraft:leave_game":4,"minecraft:time_since_death":13528,"minecraft:climb_one_cm":3094,"minecraft:sprint_one_cm":132946,"minecraft:walk_one_cm":252452,"minecraft:damage_blocked_by_shield":625,"minecraft:drop":32,"minecraft:talked_to_villager":2,"minecraft:play_time":135588,"minecraft:deaths":16,"minecraft:sneak_time":37474,"minecraft:walk_under_water_one_cm":3286,"minecraft:jump":1428,"minecraft:walk_on_water_one_cm":9311,"minecraft:total_world_time":135588,"minecraft:interact_with_furnace":20,"minecraft:play_record":1,"minecraft:sleep_in_bed":2,"minecraft:time_since_rest":1337,"minecraft:damage_taken":4519,"minecraft:damage_dealt":8529,"minecraft:fly_one_cm":233066,"minecraft:swim_one_cm":14070,"minecraft:open_chest":17,"minecraft:crouch_one_cm":101419,"minecraft:fall_one_cm":47108},"minecraft:dropped":{"the_pillager_legion_:legion_armor_boots":5,"minecraft:wheat_seeds":1,"alexsmobs:banana_slug_slime":2,"minecraft:flint":1,"spartanweaponry:iron_battleaxe":1,"minecraft:bone":3,"minecraft:iron_nugget":1,"flashlight:lantern":1,"minecraft:rotten_flesh":12,"minecraft:flint_and_steel":1,"minecraft:filled_map":1,"minecraft:leather_chestplate":1,"minecraft:shield":1,"minecraft:oak_sapling":2,"minecraft:leather_boots":1,"the_pillager_legion_:legion_axe_tpl":3,"minecraft:painting":1,"minecraft:iron_bars":1,"minecraft:wooden_pickaxe":1,"spartanweaponry:stone_katana":1},"minecraft:used":{"minecraft:moss_carpet":2,"minecraft:iron_bars":2,"minecraft:iron_shovel":194,"minecraft:flint_and_steel":3,"minecraft:white_tulip":1,"minecraft:spruce_planks":42,"minecraft:shield":8,"minecraft:netherrack":2,"minecraft:torch":28,"minecraft:white_carpet":1,"minecraft:golden_chestplate":1,"minecraft:spruce_fence":3,"minecraft:stripped_spruce_log":1,"spartanweaponry:stone_katana":126,"minecraft:iron_axe":45,"the_pillager_legion_:legion_cut_deep_2":20,"minecraft:stone_bricks":2,"butchersdelightfoods:sheeploin":1,"minecraft:hay_block":1,"minecraft:furnace":3,"minecraft:cobbled_deepslate":32,"the_pillager_legion_:legion_armor_boots":1,"minecraft:birch_planks":13,"minecraft:glass_bottle":3,"minecraft:stone_pickaxe":133,"minecraft:oak_planks":5,"minecraft:wooden_pickaxe":6,"minecraft:deepslate_bricks":12,"minecraft:cracked_stone_bricks":2,"minecraft:white_wool":3,"minecraft:music_disc_cat":1,"minecraft:oak_slab":1,"minecraft:tnt":1,"minecraft:crafting_table":7,"minecraft:white_bed":2,"minecraft:apple":6,"minecraft:bread":6,"burnt:burnt_dirt":1,"minecraft:iron_pickaxe":324,"the_pillager_legion_:legion_stone":1,"the_pillager_legion_:legion_cut_deep_3":23,"minecraft:gravel":1,"minecraft:stone_axe":1,"minecraft:cobblestone":46,"minecraft:potion":7,"minecraft:cooked_porkchop":4,"minecraft:andesite":64,"minecraft:coarse_dirt":8,"minecraft:cobweb":4},"minecraft:picked_up":{"minecraft:crafting_table":3,"minecraft:coarse_dirt":8,"butchersdelightfoods:legcow":1,"minecraft:potion":3,"minecraft:shield":1,"minecraft:string":8,"minecraft:moss_carpet":2,"minecraft:raw_copper":61,"minecraft:flint_and_steel":1,"minecraft:white_carpet":1,"butchersdelightfoods:sheeploin":1,"minecraft:cracked_stone_bricks":2,"minecraft:cobbled_deepslate":32,"minecraft:white_tulip":1,"flashlight:lantern":2,"minecraft:lectern":1,"the_pillager_legion_:legion_armor_helmet":1,"minecraft:raw_copper_block":2,"minecraft:furnace":2,"minecraft:stick":17,"minecraft:raw_iron":52,"minecraft:torch":8,"minecraft:spruce_fence":3,"spartanweaponry:stone_katana":1,"minecraft:golden_chestplate":1,"minecraft:rotten_flesh":14,"the_pillager_legion_:legion_stone":1,"minecraft:deepslate_bricks":14,"minecraft:hay_block":43,"the_pillager_legion_:legion_armor_boots":5,"butchersdelightfoods:sheeprack":2,"minecraft:mutton":1,"minecraft:iron_bars":3,"minecraft:white_wool":4,"minecraft:cobblestone":159,"minecraft:birch_log":3,"minecraft:andesite":67,"spartanweaponry:iron_battleaxe":1,"minecraft:leather":2,"minecraft:filled_map":1,"minecraft:birch_planks":1,"minecraft:oak_log":5,"minecraft:dirt":201,"minecraft:bone":2,"minecraft:stone_bricks":2,"minecraft:wheat_seeds":10,"the_pillager_legion_:legion_cut_deep_3":7,"spore:mutated_fiber":2,"minecraft:oak_slab":1,"minecraft:gravel":5,"burnt:burnt_dirt":1,"minecraft:stripped_spruce_log":1,"minecraft:spruce_sapling":17,"minecraft:white_bed":1,"minecraft:spruce_log":134,"the_pillager_legion_:legion_axe_tpl":3,"minecraft:spider_eye":1,"minecraft:painting":1,"alexsmobs:banana_slug_slime":2,"minecraft:oak_sapling":2,"minecraft:netherrack":2,"minecraft:coal":31},"minecraft:broken":{"spartanweaponry:stone_katana":1,"minecraft:stone_pickaxe":1,"minecraft:stone_axe":1,"minecraft:iron_pickaxe":1,"minecraft:golden_chestplate":1}},"DataVersion":3465}