{"stats":{"minecraft:mined":{"minecraft:birch_planks":1,"minecraft:oak_log":5,"minecraft:birch_log":3,"minecraft:birch_leaves":2,"minecraft:oak_leaves":18},"minecraft:crafted":{"minecraft:birch_planks":12},"minecraft:killed":{"minecraft:zombie":6},"minecraft:dropped":{"minecraft:oak_sapling":1},"minecraft:custom":{"minecraft:time_since_rest":1705,"minecraft:deaths":1,"minecraft:crouch_one_cm":7230,"minecraft:play_time":9584,"minecraft:sprint_one_cm":14099,"minecraft:damage_taken":234,"minecraft:walk_one_cm":5471,"minecraft:sneak_time":4495,"minecraft:walk_under_water_one_cm":655,"minecraft:mob_kills":6,"minecraft:drop":1,"minecraft:damage_dealt_resisted":93,"minecraft:jump":124,"minecraft:damage_dealt":1278,"minecraft:time_since_death":1671,"minecraft:walk_on_water_one_cm":511,"minecraft:total_world_time":9584,"minecraft:fall_one_cm":5753,"minecraft:fly_one_cm":30267},"minecraft:used":{"spartanweaponry:stone_katana":29,"minecraft:white_tulip":1,"minecraft:bread":1,"minecraft:birch_planks":13},"minecraft:picked_up":{"minecraft:birch_log":3,"minecraft:rotten_flesh":6,"minecraft:birch_planks":1,"minecraft:white_tulip":1,"minecraft:oak_log":4,"minecraft:oak_sapling":1,"minecraft:golden_chestplate":1}},"DataVersion":3465}