{"stats":{"minecraft:mined":{"minecraft:spruce_planks":1,"minecraft:mossy_cobblestone":1,"burnt:burnt_dirt":1,"the_pillager_legion_:legion_deep":2,"minecraft:torch":1,"minecraft:copper_ore":8,"minecraft:cobblestone":16,"minecraft:wall_torch":4,"minecraft:deepslate_copper_ore":4,"minecraft:large_fern":1,"minecraft:hay_block":53,"minecraft:birch_planks":1,"minecraft:coarse_dirt":8,"minecraft:birch_log":3,"minecraft:iron_ore":15,"minecraft:spruce_log":134,"minecraft:andesite":22,"minecraft:birch_leaves":3,"minecraft:grass":2,"minecraft:coal_ore":4,"minecraft:oak_log":6,"minecraft:iron_bars":4,"minecraft:cobweb":8,"structure_gel:dynamic_spawner":3,"minecraft:stone_bricks":2,"minecraft:cracked_stone_bricks":2,"minecraft:raw_copper_block":2,"minecraft:stone":30,"minecraft:netherrack":2,"minecraft:oak_leaves":21,"minecraft:fern":5},"minecraft:crafted":{"minecraft:oak_planks":20,"minecraft:crafting_table":3,"minecraft:spruce_planks":4,"minecraft:wooden_pickaxe":1,"minecraft:furnace":1,"minecraft:birch_planks":12,"minecraft:stone_axe":1,"minecraft:bread":42,"minecraft:flint_and_steel":1,"minecraft:white_wool":2,"minecraft:stick":8,"minecraft:iron_ingot":2,"minecraft:stone_pickaxe":1,"minecraft:torch":12,"minecraft:wheat":234},"minecraft:killed":{"minecraft:witch":1,"the_pillager_legion_:veteran_infantryman_tpl":14,"minecraft:sheep":4,"alexsmobs:banana_slug":1,"minecraft:zombie":21,"alexsmobs:fly":1,"the_pillager_legion_:infantryman_tpl":5},"minecraft:killed_by":{"the_pillager_legion_:veteran_infantryman_tpl":1,"takesapillage:legioner":1,"spore:stalker":1,"takesapillage:archer":1,"minecraft:vex":2},"minecraft:dropped":{"minecraft:wheat_seeds":1,"minecraft:iron_nugget":1,"alexsmobs:banana_slug_slime":2,"flashlight:lantern":1,"minecraft:rotten_flesh":10,"minecraft:flint_and_steel":1,"minecraft:flint":1,"minecraft:filled_map":1,"minecraft:oak_sapling":2,"minecraft:iron_bars":1,"minecraft:wooden_pickaxe":1,"spartanweaponry:stone_katana":1,"minecraft:bone":2},"minecraft:custom":{"minecraft:interact_with_furnace":6,"minecraft:mob_kills":51,"minecraft:play_record":1,"minecraft:interact_with_crafting_table":8,"minecraft:open_barrel":7,"minecraft:damage_dealt_resisted":457,"minecraft:time_since_death":3297,"minecraft:climb_one_cm":477,"minecraft:time_since_rest":3329,"minecraft:sprint_one_cm":90157,"minecraft:damage_taken":2389,"minecraft:walk_one_cm":137089,"minecraft:drop":16,"minecraft:damage_dealt":5593,"minecraft:talked_to_villager":2,"minecraft:swim_one_cm":7200,"minecraft:fly_one_cm":150809,"minecraft:open_chest":7,"minecraft:crouch_one_cm":39225,"minecraft:play_time":63584,"minecraft:deaths":9,"minecraft:sneak_time":17077,"minecraft:walk_under_water_one_cm":1831,"minecraft:jump":762,"minecraft:walk_on_water_one_cm":2705,"minecraft:total_world_time":63584,"minecraft:fall_one_cm":29696},"minecraft:used":{"minecraft:moss_carpet":2,"minecraft:iron_bars":2,"minecraft:white_tulip":1,"minecraft:flint_and_steel":3,"minecraft:birch_planks":13,"minecraft:stone_pickaxe":115,"minecraft:oak_planks":5,"minecraft:wooden_pickaxe":6,"minecraft:cracked_stone_bricks":2,"minecraft:netherrack":2,"minecraft:white_wool":3,"minecraft:torch":15,"minecraft:tnt":1,"minecraft:music_disc_cat":1,"minecraft:white_carpet":1,"minecraft:oak_slab":1,"minecraft:crafting_table":3,"minecraft:golden_chestplate":1,"spartanweaponry:stone_katana":115,"burnt:burnt_dirt":1,"minecraft:bread":4,"minecraft:stone_bricks":2,"minecraft:stone_axe":1,"minecraft:potion":3,"minecraft:cobblestone":20,"butchersdelightfoods:sheeploin":1,"minecraft:hay_block":1,"minecraft:furnace":1,"minecraft:cooked_porkchop":4,"minecraft:andesite":11,"minecraft:coarse_dirt":8,"minecraft:cobweb":4},"minecraft:picked_up":{"minecraft:birch_log":3,"minecraft:coarse_dirt":8,"butchersdelightfoods:legcow":1,"minecraft:andesite":11,"minecraft:leather":2,"minecraft:filled_map":1,"minecraft:birch_planks":1,"minecraft:potion":3,"minecraft:oak_log":5,"minecraft:string":8,"minecraft:moss_carpet":2,"minecraft:raw_copper":39,"minecraft:flint_and_steel":1,"minecraft:white_carpet":1,"minecraft:bone":2,"minecraft:stone_bricks":2,"butchersdelightfoods:sheeploin":1,"minecraft:cracked_stone_bricks":2,"minecraft:wheat_seeds":2,"minecraft:white_tulip":1,"flashlight:lantern":2,"spore:mutated_fiber":2,"minecraft:raw_copper_block":2,"minecraft:oak_slab":1,"minecraft:stick":17,"minecraft:raw_iron":15,"minecraft:torch":4,"minecraft:spruce_fence":3,"burnt:burnt_dirt":1,"minecraft:spruce_sapling":17,"minecraft:spruce_log":134,"spartanweaponry:stone_katana":1,"minecraft:golden_chestplate":1,"minecraft:spider_eye":1,"minecraft:rotten_flesh":10,"minecraft:deepslate_bricks":6,"minecraft:hay_block":43,"minecraft:iron_bars":3,"butchersdelightfoods:sheeprack":2,"minecraft:mutton":1,"alexsmobs:banana_slug_slime":2,"minecraft:white_wool":4,"minecraft:oak_sapling":2,"minecraft:netherrack":2,"minecraft:coal":4,"minecraft:cobblestone":45},"minecraft:broken":{"minecraft:stone_axe":1,"minecraft:golden_chestplate":1}},"DataVersion":3465}