{"stats":{"minecraft:crafted":{"minecraft:crafting_table":1,"minecraft:spruce_planks":4,"minecraft:stick":4,"minecraft:wooden_pickaxe":1},"minecraft:mined":{"minecraft:spruce_stairs":2,"minecraft:potted_flowering_azalea_bush":1,"minecraft:spruce_log":1,"minecraft:gray_stained_glass_pane":6,"minecraft:smooth_stone_slab":1,"minecraft:white_stained_glass_pane":3,"minecraft:cracked_polished_blackstone_bricks":1,"minecraft:spruce_leaves":4,"minecraft:polished_blackstone":1},"minecraft:picked_up":{"minecraft:stick":2,"minecraft:flower_pot":2,"minecraft:copper_ingot":1,"minecraft:spruce_stairs":1,"minecraft:spruce_sapling":4,"minecraft:gunpowder":1,"minecraft:spruce_log":1,"minecraft:spider_eye":1,"minecraft:string":2,"minecraft:smooth_stone_slab":2,"tacz:ammo":11,"minecraft:rotten_flesh":17,"minecraft:spruce_planks":32,"minecraft:cracked_polished_blackstone_bricks":1,"spore:mutated_fiber":3,"minecraft:iron_nugget":8,"minecraft:polished_blackstone":1,"minecraft:flowering_azalea":2,"minecraft:phantom_membrane":1},"minecraft:dropped":{"minecraft:flower_pot":1,"minecraft:rotten_flesh":7,"minecraft:flowering_azalea":2,"minecraft:string":2,"minecraft:spruce_sapling":4,"minecraft:stick":4},"minecraft:used":{"minecraft:water_bucket":5,"minecraft:glass_bottle":5,"minecraft:bread":8,"minecraft:wooden_pickaxe":9,"minecraft:tadpole_bucket":1,"minecraft:potion":5,"minecraft:crafting_table":1,"minecraft:bucket":6,"spartanweaponry:iron_katana":62,"minecraft:smooth_stone_slab":1},"minecraft:killed":{"spore:inf_villager":3,"spore:inf_human":4,"minecraft:zombie":12,"spore:inf_wanderer":1,"minecraft:drowned":1},"minecraft:killed_by":{"spore:inf_pillager":1,"minecraft:zombie":1},"minecraft:custom":{"minecraft:time_since_rest":4953,"lootr:looted_stat":4,"minecraft:sprint_one_cm":57830,"minecraft:damage_taken":1296,"minecraft:walk_one_cm":71084,"minecraft:mob_kills":23,"minecraft:drop":17,"minecraft:damage_dealt":1761,"minecraft:interact_with_crafting_table":1,"minecraft:fly_one_cm":53027,"minecraft:open_chest":1,"minecraft:crouch_one_cm":9845,"minecraft:play_time":29478,"minecraft:deaths":4,"minecraft:sneak_time":4720,"minecraft:jump":215,"minecraft:damage_dealt_resisted":557,"minecraft:walk_on_water_one_cm":873,"minecraft:time_since_death":4920,"minecraft:total_world_time":29478,"minecraft:climb_one_cm":2911,"minecraft:fall_one_cm":8936}},"DataVersion":3465}