{"stats":{"minecraft:broken":{"minecraft:stone_pickaxe":1,"minecraft:iron_pickaxe":1},"minecraft:crafted":{"minecraft:crafting_table":3,"minecraft:spruce_planks":4,"minecraft:wooden_pickaxe":1,"lrarmor:armored_chemical_leggings":1,"minecraft:furnace":2,"spartanshields:stone_basic_shield":1,"minecraft:air":0,"minecraft:iron_chestplate":1,"minecraft:stick":16,"minecraft:iron_pickaxe":2,"minecraft:iron_ingot":21,"minecraft:stone_pickaxe":1,"spartanshields:wooden_basic_shield":1,"minecraft:torch":12},"minecraft:mined":{"quark:shale":6,"minecraft:potted_flowering_azalea_bush":1,"minecraft:crafting_table":2,"minecraft:gray_stained_glass_pane":6,"minecraft:white_stained_glass_pane":3,"minecraft:cracked_polished_blackstone_bricks":1,"minecraft:copper_ore":20,"minecraft:cobblestone":26,"minecraft:lapis_ore":3,"minecraft:spruce_leaves":4,"minecraft:diorite":61,"minecraft:wall_torch":5,"minecraft:spruce_stairs":2,"minecraft:furnace":1,"minecraft:iron_ore":17,"minecraft:spruce_log":1,"minecraft:smooth_stone_slab":1,"minecraft:coal_ore":51,"minecraft:deepslate_iron_ore":5,"minecraft:gravel":5,"minecraft:dripstone_block":2,"minecraft:dirt":4,"minecraft:polished_blackstone":1,"minecraft:stone":203,"minecraft:deepslate":5},"minecraft:picked_up":{"minecraft:crafting_table":2,"minecraft:flower_pot":2,"minecraft:potion":5,"minecraft:flint":2,"minecraft:gunpowder":2,"minecraft:lapis_lazuli":17,"minecraft:string":2,"minecraft:dirt":5,"minecraft:paper":1,"minecraft:raw_copper":70,"minecraft:smooth_stone_slab":2,"tacz:ammo":22,"minecraft:bone":2,"minecraft:cobbled_deepslate":2,"minecraft:spruce_planks":32,"spore:mutated_fiber":28,"minecraft:iron_nugget":11,"minecraft:flowering_azalea":2,"minecraft:phantom_membrane":1,"minecraft:furnace":1,"minecraft:raw_iron":22,"minecraft:stick":2,"spore:cerebrum":4,"quark:shale":6,"minecraft:copper_ingot":11,"minecraft:torch":4,"minecraft:gravel":3,"minecraft:spruce_stairs":1,"minecraft:dripstone_block":2,"minecraft:spruce_sapling":4,"minecraft:diorite":57,"minecraft:spruce_log":1,"minecraft:spider_eye":1,"minecraft:rotten_flesh":41,"minecraft:cracked_polished_blackstone_bricks":1,"minecraft:polished_blackstone":1,"minecraft:coal":50,"minecraft:cobblestone":207,"minecraft:ender_pearl":1},"minecraft:dropped":{"minecraft:gravel":2,"minecraft:dripstone_block":2,"minecraft:rotten_flesh":7,"quark:shale":6,"minecraft:leather_helmet":1,"lrarmor:armored_chemical_leggings":1,"minecraft:stick":4,"minecraft:dirt":3,"minecraft:leather_chestplate":1,"minecraft:flower_pot":1,"minecraft:iron_chestplate":1,"minecraft:flowering_azalea":2,"minecraft:wooden_pickaxe":1,"minecraft:paper":1,"minecraft:string":2,"minecraft:spruce_sapling":4},"minecraft:killed":{"spore:inf_wanderer":1,"spore:inf_pillager":1,"spore:inf_villager":6,"minecraft:zombie":35,"spore:inf_human":6,"zombie_island:firefighter_walker":1,"alexsmobs:centipede_head":2,"minecraft:drowned":1,"zombie_island:runner_2":1,"zombie_island:hazmat_walker":1},"minecraft:used":{"minecraft:water_bucket":5,"minecraft:diorite":1,"minecraft:glass_bottle":5,"minecraft:stone_pickaxe":131,"minecraft:wooden_pickaxe":15,"minecraft:torch":7,"minecraft:dirt":2,"minecraft:crafting_table":4,"minecraft:spruce_stairs":1,"spartanweaponry:iron_katana":102,"minecraft:bread":13,"minecraft:iron_pickaxe":270,"minecraft:gravel":1,"minecraft:tadpole_bucket":1,"minecraft:potion":7,"minecraft:cobblestone":72,"minecraft:furnace":2,"minecraft:bucket":6,"minecraft:smooth_stone_slab":1},"minecraft:killed_by":{"minecraft:zombie":1,"zombie_island:hazmat_walker":1,"spore:inf_pillager":1},"minecraft:custom":{"minecraft:interact_with_furnace":15,"lootr:looted_stat":5,"spartanshields:shield_bash_hits":1,"minecraft:mob_kills":57,"minecraft:interact_with_crafting_table":17,"minecraft:interact_with_campfire":5,"minecraft:damage_dealt_resisted":1504,"minecraft:time_since_death":30590,"minecraft:climb_one_cm":3362,"minecraft:time_since_rest":9610,"minecraft:sprint_one_cm":79493,"minecraft:damage_taken":1995,"minecraft:walk_one_cm":149256,"minecraft:drop":27,"minecraft:damage_dealt":2727,"minecraft:fly_one_cm":81887,"minecraft:open_chest":1,"minecraft:crouch_one_cm":48633,"minecraft:play_time":77478,"minecraft:deaths":6,"minecraft:sneak_time":23646,"minecraft:walk_under_water_one_cm":310,"minecraft:jump":609,"minecraft:walk_on_water_one_cm":1231,"minecraft:total_world_time":77478,"minecraft:fall_one_cm":11678}},"DataVersion":3465}