{"stats":{"minecraft:used":{"minecraft:stone_pickaxe":56,"minecraft:wooden_pickaxe":7,"minecraft:stone_axe":16,"minecraft:crafting_table":4,"minecraft:furnace":1,"minecraft:white_bed":1,"minecraft:smoker":1},"minecraft:crafted":{"minecraft:crafting_table":1,"minecraft:spruce_planks":16,"minecraft:stick":8,"minecraft:wooden_pickaxe":1,"minecraft:stone_pickaxe":1,"minecraft:furnace":2,"minecraft:white_bed":1,"minecraft:stone_axe":1,"minecraft:smoker":1},"minecraft:mined":{"minecraft:white_bed":1,"minecraft:spruce_log":22,"minecraft:crafting_table":3,"minecraft:short_grass":28,"minecraft:grass_block":3,"minecraft:coal_ore":29,"minecraft:dirt":3,"minecraft:stone_slab":1,"minecraft:tall_grass":13,"minecraft:stone":26},"minecraft:killed":{"minecraft:sheep":4},"minecraft:custom":{"minecraft:time_since_rest":6634,"minecraft:interact_with_furnace":2,"minecraft:sprint_one_cm":17423,"minecraft:damage_taken":297,"minecraft:walk_one_cm":22053,"minecraft:mob_kills":4,"minecraft:drop":4,"minecraft:damage_dealt":564,"minecraft:fly_one_cm":53510,"minecraft:interact_with_crafting_table":6,"minecraft:player_kills":1,"minecraft:crouch_one_cm":4637,"minecraft:play_time":11696,"minecraft:deaths":1,"minecraft:sneak_time":2013,"minecraft:jump":283,"minecraft:time_since_death":9971,"minecraft:sleep_in_bed":1,"minecraft:interact_with_smoker":1,"minecraft:total_world_time":11696,"minecraft:fall_one_cm":7087},"minecraft:killed_by":{"minecraft:player":1},"minecraft:dropped":{"minecraft:wheat_seeds":1,"minecraft:mutton":2,"minecraft:wooden_pickaxe":1},"minecraft:picked_up":{"minecraft:crafting_table":3,"minecraft:stone_slab":1,"minecraft:wooden_pickaxe":1,"minecraft:white_bed":1,"minecraft:spruce_log":24,"minecraft:dirt":9,"minecraft:wheat_seeds":3,"minecraft:light_gray_wool":1,"minecraft:mutton":4,"minecraft:coal":28,"minecraft:white_wool":3,"minecraft:cobblestone":27}},"DataVersion":3953}