{"stats":{"minecraft:custom":{"lootr:looted_stat":17,"minecraft:mob_kills":81,"minecraft:interact_with_crafting_table":39,"minecraft:open_barrel":7,"minecraft:damage_dealt_resisted":927,"minecraft:leave_game":5,"minecraft:time_since_death":165113,"minecraft:climb_one_cm":5212,"minecraft:sprint_one_cm":323943,"minecraft:walk_one_cm":568523,"minecraft:damage_blocked_by_shield":1765,"minecraft:drop":64,"minecraft:talked_to_villager":2,"minecraft:play_time":287173,"minecraft:deaths":16,"minecraft:sneak_time":75762,"minecraft:walk_under_water_one_cm":51445,"minecraft:jump":2475,"minecraft:walk_on_water_one_cm":28450,"minecraft:total_world_time":287173,"minecraft:interact_with_furnace":52,"spartanshields:shield_bash_hits":2,"minecraft:play_record":1,"minecraft:interact_with_stonecutter":11,"minecraft:sleep_in_bed":6,"minecraft:time_since_rest":15354,"minecraft:damage_taken":5988,"minecraft:damage_dealt":11814,"minecraft:swim_one_cm":58755,"minecraft:fly_one_cm":350499,"minecraft:open_chest":39,"minecraft:crouch_one_cm":193891,"minecraft:fall_one_cm":63904},"minecraft:crafted":{"minecraft:oak_planks":20,"minecraft:furnace":3,"minecraft:stone":3,"minecraft:flint_and_steel":1,"minecraft:iron_axe":1,"quark:cobblestone_bricks":4,"minecraft:stone_pickaxe":1,"minecraft:wheat":378,"minecraft:crafting_table":8,"minecraft:spruce_planks":264,"minecraft:wooden_pickaxe":1,"minecraft:spruce_door":6,"minecraft:birch_planks":12,"minecraft:campfire":3,"minecraft:stone_axe":1,"minecraft:bread":126,"minecraft:air":0,"minecraft:white_wool":2,"minecraft:shield":1,"minecraft:stick":44,"minecraft:iron_ingot":39,"minecraft:iron_pickaxe":3,"minecraft:iron_shovel":3,"minecraft:stonecutter":1,"minecraft:white_bed":1,"minecraft:torch":120},"minecraft:killed_by":{"the_pillager_legion_:infantryman_tpl":3,"takesapillage:legioner":1,"takesapillage:archer":1,"the_pillager_legion_:veteran_infantryman_tpl":4,"minecraft:zombie":1,"spore:stalker":1,"minecraft:vex":2},"minecraft:used":{"minecraft:moss_carpet":2,"minecraft:iron_bars":2,"minecraft:iron_shovel":877,"minecraft:flint_and_steel":3,"minecraft:white_tulip":1,"minecraft:shield":8,"minecraft:spruce_planks":195,"minecraft:netherrack":2,"minecraft:torch":133,"minecraft:white_carpet":1,"quark:tuff_pillar":15,"minecraft:golden_chestplate":1,"minecraft:spruce_fence":3,"minecraft:stripped_spruce_log":1,"spartanweaponry:stone_katana":126,"minecraft:iron_axe":101,"the_pillager_legion_:legion_cut_deep_2":20,"minecraft:stone_bricks":2,"minecraft:magma_block":2,"spartanshields:iron_basic_shield":16,"butchersdelightfoods:sheeploin":1,"minecraft:hay_block":1,"minecraft:furnace":6,"minecraft:cobbled_deepslate":45,"the_pillager_legion_:legion_armor_boots":1,"minecraft:spruce_door":7,"minecraft:birch_planks":13,"quark:cobblestone_bricks":146,"minecraft:glass_bottle":26,"minecraft:stone_pickaxe":133,"minecraft:oak_planks":5,"minecraft:wooden_pickaxe":6,"minecraft:stonecutter":1,"minecraft:deepslate_bricks":20,"minecraft:cracked_stone_bricks":2,"minecraft:white_wool":3,"minecraft:golden_apple":1,"minecraft:music_disc_cat":1,"minecraft:oak_slab":1,"minecraft:crafting_table":12,"minecraft:tnt":1,"minecraft:campfire":3,"minecraft:white_bed":2,"minecraft:spruce_log":57,"minecraft:apple":6,"minecraft:bread":37,"burnt:burnt_dirt":1,"minecraft:iron_pickaxe":1556,"quark:cobblestone_bricks_stairs":109,"the_pillager_legion_:legion_stone":1,"the_pillager_legion_:legion_cut_deep_3":23,"minecraft:gravel":2,"minecraft:stone_axe":1,"minecraft:cobblestone":124,"minecraft:potion":36,"minecraft:cooked_porkchop":4,"minecraft:andesite":64,"minecraft:coarse_dirt":8,"minecraft:cobweb":4},"minecraft:picked_up":{"quark:diamond_heart":1,"minecraft:iron_chestplate":1,"minecraft:crafting_table":4,"minecraft:coarse_dirt":8,"butchersdelightfoods:legcow":1,"spelunkers_charm:deepslate_rock":2,"minecraft:enchanted_book":1,"minecraft:potion":3,"minecraft:shield":1,"minecraft:string":8,"minecraft:moss_carpet":2,"minecraft:raw_copper":119,"minecraft:flint_and_steel":1,"tacz:ammo":61,"minecraft:iron_leggings":1,"minecraft:white_carpet":1,"butchersdelightfoods:sheeploin":1,"minecraft:cracked_stone_bricks":2,"minecraft:deepslate_tiles":2,"minecraft:cobbled_deepslate":362,"minecraft:white_tulip":1,"flashlight:lantern":2,"minecraft:lectern":1,"the_pillager_legion_:legion_armor_helmet":1,"minecraft:raw_copper_block":14,"minecraft:furnace":3,"minecraft:stick":17,"minecraft:raw_iron":108,"minecraft:torch":13,"minecraft:spruce_fence":3,"tacz:attachment":2,"minecraft:pointed_dripstone":2,"minecraft:redstone":88,"spartanweaponry:stone_katana":1,"minecraft:golden_chestplate":1,"minecraft:arrow":4,"minecraft:rotten_flesh":27,"the_pillager_legion_:legion_stone":1,"minecraft:deepslate_bricks":18,"minecraft:hay_block":43,"the_pillager_legion_:legion_armor_boots":5,"butchersdelightfoods:sheeprack":2,"minecraft:mutton":1,"minecraft:iron_bars":3,"minecraft:white_wool":4,"minecraft:cobblestone":662,"minecraft:birch_log":3,"minecraft:magma_block":2,"the_pillager_legion_:legion_cut_deep_2":2,"minecraft:andesite":67,"spartanshields:iron_basic_shield":1,"spartanweaponry:iron_battleaxe":1,"minecraft:leather":2,"minecraft:filled_map":1,"minecraft:birch_planks":1,"minecraft:tuff":27,"minecraft:oak_log":5,"minecraft:gunpowder":2,"minecraft:lapis_lazuli":20,"minecraft:dirt":846,"minecraft:bone":8,"minecraft:stone_bricks":2,"minecraft:wheat_seeds":10,"minecraft:raw_gold":25,"the_pillager_legion_:legion_deep":1,"the_pillager_legion_:legion_cut_deep_3":13,"spore:mutated_fiber":9,"minecraft:glass_bottle":1,"minecraft:moss_block":12,"quark:tuff_pillar":8,"minecraft:oak_slab":1,"spore:cerebrum":2,"minecraft:raw_iron_block":9,"minecraft:gravel":6,"minecraft:spruce_door":1,"burnt:burnt_dirt":1,"minecraft:stripped_spruce_log":1,"minecraft:spruce_sapling":17,"minecraft:white_bed":1,"minecraft:spruce_log":139,"the_pillager_legion_:legion_axe_tpl":3,"minecraft:spider_eye":1,"minecraft:slime_ball":1,"quark:cobblestone_bricks":8,"butcher:sulfur":20,"minecraft:diamond":35,"quark:cobblestone_bricks_stairs":2,"tacz:modern_kinetic_gun":3,"minecraft:crossbow":1,"minecraft:painting":1,"alexsmobs:banana_slug_slime":2,"spore:spine_fragment":1,"minecraft:oak_sapling":2,"minecraft:netherrack":2,"minecraft:coal":145,"minecraft:ender_pearl":1},"minecraft:dropped":{"minecraft:bread":32,"the_pillager_legion_:legion_armor_boots":5,"minecraft:wheat_seeds":9,"alexsmobs:banana_slug_slime":2,"minecraft:glass_bottle":1,"minecraft:flint":1,"minecraft:dirt":128,"minecraft:grass":1,"spartanweaponry:iron_battleaxe":1,"minecraft:iron_leggings":1,"tacz:modern_kinetic_gun":3,"minecraft:bone":6,"minecraft:gravel":3,"minecraft:iron_nugget":1,"minecraft:pointed_dripstone":2,"flashlight:lantern":1,"minecraft:raw_iron":74,"minecraft:rotten_flesh":12,"minecraft:flint_and_steel":1,"minecraft:filled_map":1,"minecraft:leather_chestplate":1,"minecraft:shield":2,"minecraft:gunpowder":1,"minecraft:iron_chestplate":2,"minecraft:leather_boots":1,"minecraft:oak_sapling":2,"the_pillager_legion_:legion_axe_tpl":3,"tacz:ammo":2,"minecraft:spruce_log":6,"minecraft:painting":1,"minecraft:iron_bars":1,"minecraft:wooden_pickaxe":1,"spartanweaponry:stone_katana":1},"minecraft:broken":{"minecraft:iron_shovel":3,"spartanweaponry:stone_katana":1,"minecraft:stone_pickaxe":1,"minecraft:stone_axe":1,"minecraft:iron_pickaxe":3,"minecraft:golden_chestplate":1},"minecraft:killed":{"minecraft:witch":1,"alexsmobs:banana_slug":1,"spore:inf_player":1,"spore:inf_pillager":2,"the_pillager_legion_:veteran_infantryman_tpl":23,"minecraft:sheep":4,"spore:inf_villager":1,"spore:inf_human":1,"minecraft:zombie":34,"alexsmobs:fly":1,"the_pillager_legion_:infantryman_tpl":5},"minecraft:mined":{"minecraft:deepslate_tiles":3,"minecraft:tuff":27,"minecraft:spruce_planks":1,"minecraft:white_bed":1,"minecraft:mossy_cobblestone":1,"minecraft:deepslate_diamond_ore":22,"minecraft:glow_lichen":1,"minecraft:grass_block":32,"the_pillager_legion_:legion_cut_deep_3":13,"minecraft:brown_mushroom_block":4,"minecraft:deepslate_bricks":17,"minecraft:moss_block":9,"minecraft:frosted_ice":7,"minecraft:spawner":6,"minecraft:large_fern":1,"minecraft:hay_block":53,"minecraft:raw_iron_block":8,"minecraft:magma_block":2,"minecraft:redstone_ore":3,"minecraft:furnace":3,"minecraft:iron_ore":63,"minecraft:cobbled_deepslate":8,"quark:tuff_pillar":8,"minecraft:andesite":99,"minecraft:stripped_spruce_log":1,"spelunkers_charm:deepslate_rock_pile_2":1,"minecraft:deepslate_lapis_ore":3,"minecraft:pointed_dripstone":1,"minecraft:deepslate_iron_ore":23,"minecraft:dirt_path":1,"minecraft:iron_bars":4,"minetraps:razor_wire":1,"minecraft:stone":660,"minecraft:podzol":1,"quark:cobblestone_bricks_stairs":2,"minecraft:deepslate_redstone_ore":16,"minecraft:hanging_roots":1,"the_pillager_legion_:legion_stone":3,"minecraft:spruce_door":2,"burnt:burnt_dirt":1,"minecraft:crafting_table":4,"minecraft:torch":2,"quark:cobblestone_bricks":8,"the_pillager_legion_:legion_deep":4,"minecraft:lectern":1,"minecraft:deepslate_gold_ore":14,"minecraft:deepslate_coal_ore":92,"minecraft:copper_ore":34,"minecraft:cobblestone":31,"minecraft:grindstone":1,"minecraft:wall_torch":8,"minecraft:deepslate_copper_ore":4,"minecraft:birch_planks":1,"minecraft:coarse_dirt":8,"minecraft:birch_log":3,"butcher:sulfurore":6,"minecraft:spruce_log":136,"minecraft:birch_leaves":3,"the_pillager_legion_:legion_cut_deep_2":2,"minecraft:grass":7,"minecraft:oak_log":6,"minecraft:coal_ore":36,"minecraft:gravel":3,"minecraft:dirt":870,"minecraft:cobweb":8,"structure_gel:dynamic_spawner":3,"minecraft:cracked_stone_bricks":2,"minecraft:raw_copper_block":14,"minecraft:stone_bricks":2,"minecraft:netherrack":2,"minecraft:oak_leaves":21,"minecraft:deepslate":409,"minecraft:fern":5}},"DataVersion":3465}