{"stats":{"minecraft:mined":{"minecraft:mossy_cobblestone":1,"minecraft:copper_ore":4,"minecraft:cobblestone":14,"minecraft:wall_torch":2,"minecraft:deepslate_copper_ore":4,"minecraft:hay_block":17,"minecraft:birch_planks":1,"minecraft:birch_log":3,"minecraft:birch_leaves":3,"minecraft:grass":1,"minecraft:oak_log":6,"minecraft:cobweb":8,"structure_gel:dynamic_spawner":3,"minecraft:raw_copper_block":2,"minecraft:stone":6,"minecraft:netherrack":2,"minecraft:oak_leaves":21},"minecraft:crafted":{"minecraft:oak_planks":20,"minecraft:crafting_table":2,"minecraft:wooden_pickaxe":1,"minecraft:birch_planks":12,"minecraft:stone_axe":1,"minecraft:flint_and_steel":1,"minecraft:white_wool":2,"minecraft:stick":8,"minecraft:iron_ingot":2,"minecraft:stone_pickaxe":1,"minecraft:torch":4},"minecraft:killed":{"minecraft:zombie":19,"alexsmobs:fly":1},"minecraft:killed_by":{"minecraft:vex":2},"minecraft:dropped":{"minecraft:flint_and_steel":1,"minecraft:filled_map":1,"minecraft:oak_sapling":1,"minecraft:wooden_pickaxe":1},"minecraft:custom":{"minecraft:interact_with_furnace":6,"minecraft:mob_kills":20,"minecraft:interact_with_crafting_table":5,"minecraft:open_barrel":6,"minecraft:damage_dealt_resisted":280,"minecraft:time_since_death":5345,"minecraft:climb_one_cm":477,"minecraft:time_since_rest":981,"minecraft:sprint_one_cm":43385,"minecraft:damage_taken":1174,"minecraft:walk_one_cm":81924,"minecraft:drop":4,"minecraft:damage_dealt":2752,"minecraft:swim_one_cm":4998,"minecraft:fly_one_cm":67896,"minecraft:open_chest":3,"minecraft:crouch_one_cm":17266,"minecraft:play_time":33584,"minecraft:deaths":4,"minecraft:sneak_time":8640,"minecraft:walk_under_water_one_cm":1100,"minecraft:jump":349,"minecraft:walk_on_water_one_cm":1105,"minecraft:total_world_time":33584,"minecraft:fall_one_cm":15415},"minecraft:used":{"minecraft:white_tulip":1,"minecraft:flint_and_steel":2,"minecraft:birch_planks":13,"minecraft:stone_pickaxe":33,"minecraft:oak_planks":1,"minecraft:wooden_pickaxe":6,"minecraft:netherrack":2,"minecraft:torch":5,"minecraft:white_carpet":1,"minecraft:oak_slab":1,"minecraft:crafting_table":2,"minecraft:golden_chestplate":1,"spartanweaponry:stone_katana":64,"minecraft:bread":2,"minecraft:cobblestone":6,"minecraft:hay_block":1,"minecraft:cooked_porkchop":2},"minecraft:picked_up":{"minecraft:birch_log":3,"minecraft:filled_map":1,"minecraft:birch_planks":1,"minecraft:oak_log":5,"minecraft:string":8,"minecraft:raw_copper":24,"minecraft:flint_and_steel":1,"minecraft:white_carpet":1,"minecraft:bone":1,"minecraft:white_tulip":1,"minecraft:raw_copper_block":2,"minecraft:oak_slab":1,"minecraft:stick":2,"minecraft:torch":1,"minecraft:golden_chestplate":1,"minecraft:spider_eye":1,"minecraft:rotten_flesh":10,"minecraft:hay_block":15,"minecraft:oak_sapling":2,"minecraft:netherrack":2,"minecraft:cobblestone":20},"minecraft:broken":{"minecraft:golden_chestplate":1}},"DataVersion":3465}