{"stats":{"minecraft:broken":{"minecraft:stone_pickaxe":1,"minecraft:leather_boots":1,"minecraft:iron_pickaxe":1},"minecraft:crafted":{"minecraft:furnace":2,"minecraft:iron_boots":1,"minecraft:iron_axe":1,"minecraft:stone_pickaxe":1,"minecraft:crafting_table":3,"minecraft:spruce_planks":28,"lrarmor:armored_chemical_leggings":1,"minecraft:wooden_pickaxe":1,"spartanshields:stone_basic_shield":1,"minecraft:campfire":3,"minecraft:air":0,"minecraft:iron_chestplate":1,"minecraft:stick":24,"minecraft:iron_ingot":21,"minecraft:iron_pickaxe":2,"spartanshields:wooden_basic_shield":1,"minecraft:torch":12},"minecraft:mined":{"minecraft:spruce_planks":4,"quark:shale":6,"minecraft:potted_flowering_azalea_bush":1,"minecraft:gray_stained_glass_pane":6,"minecraft:cracked_polished_blackstone_bricks":1,"minecraft:spruce_leaves":4,"minecraft:furnace":1,"minecraft:iron_ore":17,"minecraft:deepslate_iron_ore":5,"minecraft:purple_carpet":5,"projectvibrantjourneys:ice_chunks":2,"minecraft:stone":204,"minecraft:glass_pane":2,"minecraft:exposed_copper":1,"minecraft:crafting_table":3,"minecraft:blast_furnace":1,"minecraft:white_stained_glass_pane":3,"minecraft:campfire":1,"minecraft:copper_ore":20,"minecraft:cobblestone":35,"minecraft:lapis_ore":3,"projectvibrantjourneys:fallen_leaves":1,"minecraft:diorite":61,"minecraft:iron_door":2,"minecraft:wall_torch":5,"minecraft:spruce_stairs":2,"projectvibrantjourneys:light_brown_bark_mushroom":1,"minecraft:cobblestone_wall":1,"minecraft:stripped_spruce_wood":3,"minecraft:ice":2,"minecraft:spruce_log":10,"minecraft:smooth_stone_slab":1,"minecraft:coal_ore":51,"projectvibrantjourneys:short_grass":1,"minecraft:dirt":12,"minecraft:dripstone_block":2,"minecraft:gravel":5,"minecraft:polished_blackstone":1,"minecraft:stone_bricks":10,"minecraft:deepslate":5},"minecraft:picked_up":{"minecraft:charcoal":2,"minecraft:crafting_table":3,"minecraft:exposed_copper":1,"minecraft:flower_pot":2,"minecraft:leather_leggings":1,"minecraft:potion":5,"minecraft:string":2,"minecraft:raw_copper":70,"minecraft:smooth_stone_slab":2,"tacz:ammo":22,"minecraft:armor_stand":1,"minecraft:cobbled_deepslate":2,"minecraft:spruce_planks":36,"minecraft:iron_nugget":11,"minecraft:phantom_membrane":1,"minecraft:furnace":1,"minecraft:stick":4,"minecraft:raw_iron":22,"minecraft:copper_ingot":11,"minecraft:torch":5,"minecraft:spruce_stairs":1,"minecraft:diorite":57,"minecraft:rotten_flesh":41,"minecraft:polished_blackstone":1,"minecraft:cobblestone":216,"minecraft:iron_door":2,"minecraft:flint":2,"minecraft:stripped_spruce_wood":3,"minecraft:gunpowder":2,"minecraft:cobblestone_wall":1,"minecraft:lapis_lazuli":17,"minecraft:dirt":13,"minecraft:paper":1,"minecraft:purple_carpet":1,"minecraft:bone":2,"minecraft:stone_bricks":2,"spore:mutated_fiber":28,"minecraft:flowering_azalea":2,"spore:cerebrum":4,"quark:shale":6,"minecraft:dripstone_block":2,"minecraft:gravel":3,"minecraft:spruce_sapling":4,"minecraft:blast_furnace":1,"minecraft:spruce_log":10,"minecraft:spider_eye":1,"minecraft:soul_lantern":1,"minecraft:cracked_polished_blackstone_bricks":1,"minecraft:coal":50,"minecraft:ender_pearl":1},"minecraft:dropped":{"minecraft:dripstone_block":2,"minecraft:leather_helmet":1,"minecraft:stick":4,"minecraft:dirt":3,"minecraft:flowering_azalea":2,"minecraft:paper":1,"minecraft:string":2,"minecraft:spruce_sapling":4,"minecraft:armor_stand":1,"minecraft:gravel":2,"minecraft:rotten_flesh":7,"quark:shale":6,"lrarmor:armored_chemical_leggings":1,"minecraft:leather_chestplate":1,"minecraft:flower_pot":1,"minecraft:iron_chestplate":1,"minecraft:leather_leggings":2,"minecraft:wooden_pickaxe":1},"minecraft:killed":{"zombie_island:firefighter_walker":1,"minecraft:drowned":1,"alexsmobs:centipede_head":2,"zombie_island:hazmat_walker":1,"spore:inf_wanderer":1,"spore:inf_pillager":1,"spore:inf_villager":6,"spore:inf_human":6,"minecraft:zombie":40,"zombie_island:runner_2":1},"minecraft:used":{"minecraft:torch":9,"minecraft:dirt":2,"minecraft:spruce_stairs":1,"minecraft:iron_axe":17,"minecraft:stone_bricks":2,"minecraft:tadpole_bucket":1,"minecraft:furnace":2,"minecraft:water_bucket":5,"minecraft:diorite":10,"minecraft:glass_bottle":5,"minecraft:stone_pickaxe":131,"minecraft:wooden_pickaxe":15,"minecraft:crafting_table":6,"minecraft:campfire":3,"spartanweaponry:iron_katana":103,"minecraft:exposed_copper":1,"minecraft:bread":21,"minecraft:iron_pickaxe":301,"minecraft:gravel":1,"minecraft:cobblestone":176,"minecraft:potion":10,"minecraft:bucket":6,"minecraft:smooth_stone_slab":1,"minecraft:purple_carpet":1},"minecraft:killed_by":{"spore:inf_human":4,"zombie_island:hazmat_walker":1,"spore:inf_pillager":1,"minecraft:zombie":3},"minecraft:custom":{"lootr:looted_stat":11,"minecraft:mob_kills":62,"minecraft:interact_with_crafting_table":29,"minecraft:open_barrel":2,"minecraft:interact_with_campfire":5,"minecraft:damage_dealt_resisted":1504,"minecraft:leave_game":1,"minecraft:time_since_death":9639,"minecraft:climb_one_cm":4017,"minecraft:sprint_one_cm":146767,"minecraft:walk_one_cm":211208,"minecraft:drop":30,"minecraft:play_time":114862,"minecraft:deaths":14,"minecraft:sneak_time":31429,"minecraft:walk_under_water_one_cm":6357,"minecraft:jump":1137,"minecraft:walk_on_water_one_cm":7475,"minecraft:total_world_time":114862,"minecraft:interact_with_furnace":17,"spartanshields:shield_bash_hits":1,"minecraft:time_since_rest":9873,"minecraft:damage_taken":4234,"minecraft:damage_dealt":2810,"minecraft:fly_one_cm":204644,"minecraft:open_chest":1,"minecraft:crouch_one_cm":56026,"minecraft:fall_one_cm":18876}},"DataVersion":3465}