{"stats":{"minecraft:crafted":{"minecraft:crafting_table":1,"minecraft:spruce_planks":4,"minecraft:wooden_pickaxe":1,"lrarmor:armored_chemical_leggings":1,"spartanshields:stone_basic_shield":1,"minecraft:stick":8,"minecraft:stone_pickaxe":1,"spartanshields:wooden_basic_shield":1},"minecraft:mined":{"minecraft:potted_flowering_azalea_bush":1,"minecraft:gray_stained_glass_pane":6,"minecraft:white_stained_glass_pane":3,"minecraft:cracked_polished_blackstone_bricks":1,"minecraft:cobblestone":21,"minecraft:lapis_ore":3,"minecraft:spruce_leaves":4,"minecraft:diorite":25,"minecraft:wall_torch":4,"minecraft:spruce_stairs":2,"minecraft:spruce_log":1,"minecraft:smooth_stone_slab":1,"minecraft:deepslate_iron_ore":5,"minecraft:dripstone_block":2,"minecraft:dirt":2,"minecraft:polished_blackstone":1,"minecraft:stone":62,"minecraft:deepslate":5},"minecraft:picked_up":{"minecraft:flower_pot":2,"minecraft:potion":5,"minecraft:gunpowder":2,"minecraft:lapis_lazuli":17,"minecraft:string":2,"minecraft:dirt":3,"minecraft:paper":1,"minecraft:smooth_stone_slab":2,"tacz:ammo":22,"minecraft:bone":2,"minecraft:cobbled_deepslate":2,"minecraft:spruce_planks":32,"spore:mutated_fiber":28,"minecraft:iron_nugget":8,"minecraft:flowering_azalea":2,"minecraft:phantom_membrane":1,"minecraft:raw_iron":5,"minecraft:stick":2,"spore:cerebrum":4,"minecraft:copper_ingot":7,"minecraft:torch":3,"minecraft:spruce_stairs":1,"minecraft:dripstone_block":2,"minecraft:spruce_sapling":4,"minecraft:diorite":21,"minecraft:spruce_log":1,"minecraft:spider_eye":1,"minecraft:rotten_flesh":38,"minecraft:cracked_polished_blackstone_bricks":1,"minecraft:polished_blackstone":1,"minecraft:cobblestone":68,"minecraft:ender_pearl":1},"minecraft:dropped":{"minecraft:rotten_flesh":7,"lrarmor:armored_chemical_leggings":1,"minecraft:stick":4,"minecraft:flower_pot":1,"minecraft:flowering_azalea":2,"minecraft:wooden_pickaxe":1,"minecraft:string":2,"minecraft:spruce_sapling":4},"minecraft:killed":{"spore:inf_wanderer":1,"spore:inf_pillager":1,"spore:inf_villager":6,"minecraft:zombie":31,"spore:inf_human":5,"zombie_island:firefighter_walker":1,"alexsmobs:centipede_head":2,"minecraft:drowned":1,"zombie_island:runner_2":1,"zombie_island:hazmat_walker":1},"minecraft:used":{"minecraft:water_bucket":5,"minecraft:glass_bottle":5,"minecraft:stone_pickaxe":119,"minecraft:wooden_pickaxe":15,"minecraft:torch":3,"minecraft:dirt":2,"minecraft:crafting_table":1,"minecraft:spruce_stairs":1,"spartanweaponry:iron_katana":73,"minecraft:bread":11,"minecraft:tadpole_bucket":1,"minecraft:potion":6,"minecraft:cobblestone":44,"minecraft:bucket":6,"minecraft:smooth_stone_slab":1},"minecraft:killed_by":{"minecraft:zombie":1,"zombie_island:hazmat_walker":1,"spore:inf_pillager":1},"minecraft:custom":{"lootr:looted_stat":4,"spartanshields:shield_bash_hits":1,"minecraft:mob_kills":52,"minecraft:interact_with_crafting_table":10,"minecraft:interact_with_campfire":5,"minecraft:damage_dealt_resisted":1490,"minecraft:time_since_death":6590,"minecraft:climb_one_cm":3107,"minecraft:time_since_rest":6619,"minecraft:sprint_one_cm":68058,"minecraft:damage_taken":1870,"minecraft:walk_one_cm":100460,"minecraft:drop":19,"minecraft:damage_dealt":2215,"minecraft:fly_one_cm":69325,"minecraft:open_chest":1,"minecraft:crouch_one_cm":26793,"minecraft:play_time":53478,"minecraft:deaths":6,"minecraft:sneak_time":13756,"minecraft:walk_under_water_one_cm":310,"minecraft:jump":378,"minecraft:walk_on_water_one_cm":1026,"minecraft:total_world_time":53478,"minecraft:fall_one_cm":10457}},"DataVersion":3465}