{"stats":{"minecraft:used":{"minecraft:cooked_mutton":4,"minecraft:stone_pickaxe":90,"minecraft:wooden_pickaxe":7,"minecraft:stone_axe":34,"minecraft:crafting_table":5,"minecraft:furnace":1,"minecraft:white_bed":2,"minecraft:smoker":2},"minecraft:crafted":{"minecraft:cooked_porkchop":6,"minecraft:crafting_table":1,"minecraft:spruce_planks":16,"minecraft:stick":8,"minecraft:cooked_chicken":4,"minecraft:wooden_pickaxe":1,"minecraft:stone_pickaxe":1,"minecraft:furnace":2,"minecraft:white_bed":1,"minecraft:stone_axe":1,"minecraft:bread":51,"minecraft:wheat":153,"minecraft:air":0,"minecraft:cooked_mutton":4,"minecraft:smoker":1},"minecraft:mined":{"minecraft:seagrass":1,"minecraft:hay_block":17,"minecraft:white_bed":1,"minecraft:iron_ore":20,"minecraft:smoker":2,"minecraft:spruce_log":22,"minecraft:crafting_table":5,"minecraft:short_grass":31,"minecraft:grass_block":4,"minecraft:coal_ore":29,"minecraft:dirt":3,"minecraft:stone_slab":2,"minecraft:tall_grass":13,"minecraft:stone":34},"minecraft:killed":{"minecraft:sheep":6,"minecraft:pig":3,"minecraft:chicken":4,"minecraft:salmon":2},"minecraft:custom":{"minecraft:time_since_rest":5800,"minecraft:interact_with_furnace":2,"minecraft:sprint_one_cm":48374,"minecraft:damage_taken":407,"minecraft:walk_one_cm":54549,"minecraft:mob_kills":15,"minecraft:drop":5,"minecraft:damage_dealt":1310,"minecraft:swim_one_cm":2199,"minecraft:talked_to_villager":1,"minecraft:fly_one_cm":107371,"minecraft:interact_with_crafting_table":10,"minecraft:player_kills":1,"minecraft:crouch_one_cm":8977,"minecraft:play_time":23696,"minecraft:deaths":1,"minecraft:sneak_time":3325,"minecraft:walk_under_water_one_cm":5237,"minecraft:jump":610,"minecraft:walk_on_water_one_cm":1062,"minecraft:time_since_death":21971,"minecraft:sleep_in_bed":2,"minecraft:interact_with_smoker":18,"minecraft:total_world_time":23696,"minecraft:fall_one_cm":19268},"minecraft:killed_by":{"minecraft:player":1},"minecraft:dropped":{"minecraft:wheat_seeds":1,"minecraft:mutton":2,"minecraft:wooden_pickaxe":2},"minecraft:picked_up":{"minecraft:raw_iron":20,"minecraft:crafting_table":5,"minecraft:feather":5,"minecraft:chicken":4,"minecraft:salmon":2,"minecraft:stone_slab":2,"minecraft:wooden_pickaxe":1,"minecraft:smoker":2,"minecraft:porkchop":6,"minecraft:white_bed":2,"minecraft:spruce_log":24,"minecraft:dirt":10,"minecraft:wheat_seeds":4,"minecraft:hay_block":17,"minecraft:light_gray_wool":1,"minecraft:mutton":7,"minecraft:coal":80,"minecraft:white_wool":5,"minecraft:cobblestone":34}},"DataVersion":3953}