{"stats":{"minecraft:used":{"minecraft:cooked_mutton":4,"minecraft:diorite":12,"minecraft:acacia_log":1,"minecraft:stone_pickaxe":248,"minecraft:spruce_planks":2,"minecraft:wooden_pickaxe":9,"minecraft:cooked_chicken":2,"minecraft:torch":7,"minecraft:dirt":7,"minecraft:crafting_table":8,"minecraft:white_bed":5,"minecraft:smoker":3,"minecraft:iron_axe":1,"minecraft:bread":11,"minecraft:iron_pickaxe":94,"minecraft:stone_slab":4,"minecraft:iron_boots":1,"minecraft:stone_axe":166,"minecraft:light_gray_wool":1,"minecraft:cobblestone":17,"minecraft:furnace":2,"minecraft:gray_wool":1},"minecraft:crafted":{"minecraft:oak_planks":4,"minecraft:cooked_porkchop":10,"minecraft:crafting_table":1,"minecraft:spruce_planks":20,"minecraft:iron_helmet":1,"minecraft:wooden_pickaxe":2,"minecraft:cooked_chicken":4,"minecraft:furnace":3,"minecraft:stone_axe":2,"minecraft:cooked_mutton":33,"minecraft:bread":51,"minecraft:air":0,"minecraft:iron_chestplate":1,"minecraft:iron_boots":1,"minecraft:iron_axe":1,"minecraft:stick":20,"minecraft:iron_ingot":30,"minecraft:iron_pickaxe":1,"minecraft:stone_pickaxe":2,"minecraft:iron_leggings":1,"minecraft:white_bed":1,"minecraft:torch":4,"minecraft:smoker":1,"minecraft:wheat":153},"minecraft:mined":{"minecraft:spruce_planks":1,"minecraft:white_bed":3,"minecraft:smoker":2,"minecraft:crafting_table":7,"minecraft:torch":3,"minecraft:short_grass":43,"minecraft:acacia_log":1,"minecraft:grass_block":9,"minecraft:calcite":1,"minecraft:stone_slab":4,"minecraft:cobblestone":11,"minecraft:tall_grass":13,"minecraft:spruce_leaves":30,"minecraft:diorite":128,"minecraft:hay_block":17,"minecraft:seagrass":1,"minecraft:furnace":1,"minecraft:iron_ore":30,"minecraft:spruce_log":59,"minecraft:stripped_spruce_log":2,"minecraft:oak_log":13,"minecraft:coal_ore":63,"minecraft:gravel":1,"minecraft:dirt":6,"minecraft:stone":58,"minecraft:white_tulip":1,"minecraft:oak_leaves":2},"minecraft:killed":{"minecraft:pig":15,"minecraft:salmon":9,"minecraft:sheep":25,"minecraft:zombie":1,"minecraft:chicken":13,"minecraft:cow":5},"minecraft:custom":{"minecraft:interact_with_furnace":13,"minecraft:mob_kills":68,"minecraft:interact_with_crafting_table":22,"minecraft:leave_game":1,"minecraft:time_since_death":9158,"minecraft:sleep_in_bed":5,"minecraft:time_since_rest":9188,"minecraft:sprint_one_cm":139101,"minecraft:damage_taken":992,"minecraft:walk_one_cm":138103,"minecraft:drop":24,"minecraft:damage_dealt":6061,"minecraft:swim_one_cm":23514,"minecraft:talked_to_villager":2,"minecraft:fly_one_cm":350791,"minecraft:player_kills":1,"minecraft:crouch_one_cm":27754,"minecraft:play_time":64669,"minecraft:deaths":2,"minecraft:sneak_time":9977,"minecraft:walk_under_water_one_cm":17666,"minecraft:jump":1649,"minecraft:walk_on_water_one_cm":11765,"minecraft:total_world_time":64669,"minecraft:interact_with_smoker":23,"minecraft:fall_one_cm":44353},"minecraft:killed_by":{"minecraft:player":2},"minecraft:dropped":{"minecraft:white_tulip":1,"minecraft:stripped_spruce_log":2,"minecraft:wheat_seeds":7,"minecraft:raw_iron":3,"minecraft:light_gray_wool":1,"minecraft:leather":6,"minecraft:mutton":2,"minecraft:wooden_pickaxe":3,"minecraft:calcite":1},"minecraft:broken":{"minecraft:stone_pickaxe":2,"minecraft:stone_axe":1},"minecraft:picked_up":{"minecraft:crafting_table":7,"minecraft:feather":9,"minecraft:chicken":13,"minecraft:salmon":8,"minecraft:leather":6,"minecraft:stone_slab":4,"minecraft:wooden_pickaxe":1,"minecraft:smoker":2,"minecraft:oak_log":16,"minecraft:dirt":15,"minecraft:wheat_seeds":7,"minecraft:spruce_planks":1,"minecraft:beef":10,"minecraft:white_tulip":1,"minecraft:calcite":1,"minecraft:light_gray_wool":2,"minecraft:furnace":1,"minecraft:raw_iron":33,"minecraft:torch":3,"minecraft:acacia_log":1,"minecraft:porkchop":27,"minecraft:diorite":128,"minecraft:stripped_spruce_log":2,"minecraft:spruce_sapling":5,"minecraft:white_bed":5,"minecraft:spruce_log":65,"minecraft:hay_block":17,"minecraft:gray_wool":3,"minecraft:bread":1,"minecraft:cobblestone":67,"minecraft:mutton":36,"minecraft:coal":129,"minecraft:white_wool":21}},"DataVersion":3953}