{"stats":{"minecraft:crafted":{"minecraft:stick":4,"minecraft:crafting_table":1,"minecraft:spruce_planks":4,"minecraft:wooden_pickaxe":1},"minecraft:mined":{"minecraft:white_stained_glass_pane":2,"minecraft:spruce_log":1,"minecraft:spruce_leaves":4,"minecraft:gray_stained_glass_pane":2},"minecraft:picked_up":{"tacz:ammo":11,"minecraft:rotten_flesh":17,"minecraft:copper_ingot":1,"minecraft:spruce_planks":32,"spore:mutated_fiber":1,"minecraft:spruce_sapling":4,"minecraft:iron_nugget":8,"minecraft:spruce_log":1,"minecraft:gunpowder":1,"minecraft:phantom_membrane":1,"minecraft:spider_eye":1},"minecraft:dropped":{"minecraft:rotten_flesh":7,"minecraft:spruce_sapling":4},"minecraft:used":{"minecraft:potion":2,"minecraft:crafting_table":1,"minecraft:bread":2},"minecraft:killed":{"spore:inf_villager":1,"minecraft:zombie":5,"spore:inf_wanderer":1},"minecraft:custom":{"minecraft:time_since_rest":9500,"lootr:looted_stat":2,"minecraft:crouch_one_cm":6742,"minecraft:play_time":17478,"minecraft:sprint_one_cm":42212,"minecraft:walk_one_cm":44691,"minecraft:damage_taken":400,"minecraft:deaths":2,"minecraft:sneak_time":2917,"minecraft:mob_kills":7,"minecraft:drop":8,"minecraft:damage_dealt_resisted":63,"minecraft:jump":131,"minecraft:damage_dealt":14,"minecraft:time_since_death":9469,"minecraft:climb_one_cm":2911,"minecraft:total_world_time":17478,"minecraft:interact_with_crafting_table":1,"minecraft:fall_one_cm":5883,"minecraft:fly_one_cm":27365}},"DataVersion":3465}