{"stats":{"minecraft:killed":{"zombie_island:eat_courier":3,"zombie_island:caustic_x_walker":1,"zombie_island:firefighter_walker":2,"minecraft:stray":1},"minecraft:dropped":{"zombie_island:synthetic_fibers":2,"alexsmobs:animal_dictionary":1},"minecraft:custom":{"minecraft:time_since_rest":5836,"minecraft:crouch_one_cm":78,"minecraft:interact_with_furnace":1,"minecraft:play_time":10555,"minecraft:sprint_one_cm":25011,"minecraft:walk_one_cm":20843,"minecraft:damage_taken":418,"minecraft:deaths":1,"minecraft:sneak_time":17,"minecraft:mob_kills":7,"minecraft:drop":3,"minecraft:damage_dealt_resisted":41,"minecraft:jump":152,"minecraft:time_since_death":5807,"minecraft:total_world_time":10555,"minecraft:climb_one_cm":232,"minecraft:fly_one_cm":23923,"minecraft:fall_one_cm":3938},"minecraft:used":{"minecraft:potion":2,"minecraft:bread":4},"minecraft:picked_up":{"zombie_island:synthetic_fibers":2}},"DataVersion":3465}