{"stats":{"minecraft:crafted":{"minecraft:crafting_table":1,"minecraft:spruce_planks":76,"minecraft:stick":4,"minecraft:wooden_pickaxe":1},"minecraft:mined":{"minecraft:coarse_dirt":3,"minecraft:fire":8,"minecraft:spruce_log":19,"minecraft:smooth_basalt":3,"minecraft:stone":1},"minecraft:picked_up":{"minecraft:stick":2,"minecraft:coarse_dirt":3,"minecraft:smooth_basalt":3,"minecraft:potion":3,"minecraft:spruce_sapling":3,"minecraft:spruce_log":19,"tacz:ammo":2,"minecraft:rotten_flesh":1},"minecraft:dropped":{"alexsmobs:animal_dictionary":1,"minecraft:rotten_flesh":1,"minecraft:smooth_basalt":3},"minecraft:killed":{"minecraft:zombie":2,"alexsmobs:fly":1,"zombie_island:hazmat_walker":1,"zombie_island:shambler_4":1},"minecraft:used":{"minecraft:calcite":24,"minecraft:lava_bucket":1,"minecraft:glass_bottle":1,"minecraft:bread":1,"minecraft:quartz_block":1,"minecraft:leather_helmet":1,"minecraft:wooden_pickaxe":6,"minecraft:potion":1,"minecraft:oak_slab":8,"minecraft:crafting_table":1,"minecraft:campfire":1,"spartanweaponry:iron_katana":8,"minecraft:coarse_dirt":3},"minecraft:killed_by":{"sanitydim:rotting_stalker":1},"minecraft:custom":{"minecraft:time_since_rest":2846,"minecraft:sprint_one_cm":35433,"minecraft:damage_taken":389,"minecraft:walk_one_cm":28571,"minecraft:mob_kills":5,"minecraft:drop":3,"minecraft:damage_dealt":220,"minecraft:swim_one_cm":1055,"minecraft:interact_with_crafting_table":4,"minecraft:fly_one_cm":74430,"minecraft:crouch_one_cm":1154,"minecraft:play_time":32885,"minecraft:interact_with_campfire":3,"minecraft:deaths":2,"minecraft:sneak_time":347,"minecraft:walk_under_water_one_cm":1870,"minecraft:damage_dealt_resisted":36,"minecraft:jump":237,"minecraft:walk_on_water_one_cm":2672,"minecraft:leave_game":3,"minecraft:time_since_death":2781,"minecraft:total_world_time":32885,"minecraft:fall_one_cm":5627}},"DataVersion":3465}