{"stats":{"minecraft:crafted":{"minecraft:crafting_table":1,"minecraft:spruce_planks":76,"minecraft:stick":8,"minecraft:wooden_pickaxe":1,"minecraft:stone_pickaxe":1,"minecraft:stone_axe":1},"minecraft:mined":{"minecraft:coarse_dirt":3,"minecraft:fire":15,"minecraft:spruce_log":33,"minecraft:crafting_table":1,"minecraft:calcite":4,"minecraft:smooth_basalt":3,"minecraft:stone":11},"minecraft:picked_up":{"minecraft:crafting_table":1,"minecraft:stick":13,"minecraft:coarse_dirt":3,"minecraft:smooth_basalt":6,"minecraft:potion":6,"minecraft:spruce_sapling":18,"minecraft:gunpowder":2,"minecraft:spruce_log":33,"tacz:ammo":8,"minecraft:rotten_flesh":12,"minecraft:iron_ingot":1,"minecraft:calcite":4,"minecraft:iron_nugget":3,"minecraft:cobblestone":11},"minecraft:dropped":{"alexsmobs:animal_dictionary":1,"minecraft:rotten_flesh":12,"minecraft:wooden_pickaxe":1,"minecraft:smooth_basalt":6},"minecraft:killed":{"minecraft:zombie":10,"alexsmobs:fly":1,"zombie_island:walker_2":1,"zombie_island:hazmat_walker":1,"zombie_island:shambler_4":1},"minecraft:used":{"minecraft:calcite":28,"minecraft:lava_bucket":1,"minecraft:stone_pickaxe":5,"minecraft:glass_bottle":2,"minecraft:bread":4,"minecraft:quartz_block":1,"minecraft:leather_helmet":1,"minecraft:wooden_pickaxe":16,"minecraft:stone_axe":1,"minecraft:potion":3,"minecraft:oak_slab":8,"minecraft:crafting_table":1,"minecraft:campfire":1,"spartanweaponry:iron_katana":10,"minecraft:coarse_dirt":3},"minecraft:killed_by":{"sanitydim:rotting_stalker":1,"minecraft:zombie":1},"minecraft:custom":{"minecraft:time_since_rest":457,"minecraft:sprint_one_cm":57366,"minecraft:damage_taken":697,"minecraft:walk_one_cm":57151,"minecraft:mob_kills":14,"minecraft:drop":14,"minecraft:damage_dealt":271,"minecraft:swim_one_cm":1055,"minecraft:interact_with_crafting_table":6,"minecraft:fly_one_cm":116226,"minecraft:crouch_one_cm":1405,"minecraft:play_time":44885,"minecraft:interact_with_campfire":6,"minecraft:deaths":3,"minecraft:sneak_time":468,"minecraft:walk_under_water_one_cm":1870,"minecraft:damage_dealt_resisted":419,"minecraft:jump":400,"minecraft:walk_on_water_one_cm":2672,"minecraft:leave_game":3,"minecraft:time_since_death":378,"minecraft:total_world_time":44885,"minecraft:fall_one_cm":9658}},"DataVersion":3465}