{"stats":{"minecraft:dropped":{"alexsmobs:animal_dictionary":1},"minecraft:killed":{"minecraft:zombie":1},"minecraft:custom":{"minecraft:time_since_rest":9490,"minecraft:crouch_one_cm":6,"minecraft:sprint_one_cm":7360,"minecraft:play_time":9490,"minecraft:damage_taken":129,"minecraft:walk_one_cm":4225,"minecraft:sneak_time":30,"minecraft:walk_under_water_one_cm":1870,"minecraft:mob_kills":1,"minecraft:drop":1,"minecraft:jump":54,"minecraft:damage_dealt_resisted":36,"minecraft:damage_dealt":200,"minecraft:leave_game":2,"minecraft:walk_on_water_one_cm":2672,"minecraft:time_since_death":9490,"minecraft:total_world_time":9490,"minecraft:swim_one_cm":1055,"minecraft:fall_one_cm":1828,"minecraft:fly_one_cm":11960},"minecraft:mined":{"minecraft:coarse_dirt":3,"minecraft:spruce_log":19},"minecraft:picked_up":{"minecraft:coarse_dirt":3,"minecraft:stick":2,"tacz:ammo":2,"minecraft:spruce_sapling":3,"minecraft:spruce_log":19},"minecraft:used":{"minecraft:bread":1,"spartanweaponry:iron_katana":6,"minecraft:coarse_dirt":3}},"DataVersion":3465}