{"stats":{"minecraft:crafted":{"minecraft:crafting_table":1,"minecraft:spruce_planks":76,"minecraft:wooden_pickaxe":1,"minecraft:campfire":1,"minecraft:stone_axe":1,"minecraft:air":0,"minecraft:charcoal":2,"minecraft:stick":16,"minecraft:stone_pickaxe":1},"minecraft:mined":{"minecraft:crafting_table":1,"minecraft:torch":4,"minecraft:calcite":4,"minecraft:glass":2,"minecraft:wall_torch":9,"minecraft:coarse_dirt":3,"minecraft:furnace":1,"minecraft:fire":17,"minecraft:spruce_log":33,"minecraft:smooth_basalt":3,"minecraft:stone":11},"minecraft:picked_up":{"minecraft:coarse_dirt":3,"minecraft:crafting_table":1,"butchersdelightfoods:legcow":1,"minecraft:leather":4,"minecraft:potion":6,"minecraft:gunpowder":4,"minecraft:string":4,"tacz:ammo":37,"minecraft:bone":5,"minecraft:iron_ingot":5,"minecraft:beef":1,"minecraft:calcite":4,"minecraft:iron_nugget":9,"minecraft:flowering_azalea":1,"minecraft:furnace":1,"minecraft:stick":15,"minecraft:smooth_basalt":6,"minecraft:torch":13,"minecraft:spruce_stairs":1,"minecraft:spruce_sapling":18,"minecraft:spruce_log":33,"minecraft:spider_eye":2,"quark:clear_shard":6,"minecraft:rotten_flesh":31,"minecraft:cobblestone":11},"minecraft:dropped":{"alexsmobs:animal_dictionary":1,"minecraft:rotten_flesh":14,"quark:clear_shard":6,"minecraft:spruce_planks":32,"minecraft:spider_eye":1,"minecraft:flowering_azalea":1,"minecraft:wooden_pickaxe":1,"minecraft:string":4,"minecraft:smooth_basalt":6},"minecraft:killed":{"spore:inf_pillager":1,"spore:inf_villager":1,"minecraft:zombie":20,"spore:inf_human":8,"alexsmobs:fly":1,"spore:inf_husk":1,"zombie_island:walker_2":1,"zombie_island:hazmat_walker":1,"zombie_island:shambler_4":1},"minecraft:used":{"minecraft:calcite":28,"minecraft:glass_bottle":7,"minecraft:stone_pickaxe":7,"minecraft:wooden_pickaxe":16,"minecraft:rotten_flesh":1,"minecraft:oak_slab":8,"minecraft:crafting_table":1,"minecraft:spruce_stairs":1,"spartanweaponry:iron_katana":79,"minecraft:campfire":2,"minecraft:lava_bucket":1,"minecraft:bread":16,"minecraft:quartz_block":1,"minecraft:leather_helmet":1,"minecraft:stone_axe":5,"minecraft:potion":11,"minecraft:furnace":1,"minecraft:coarse_dirt":3},"minecraft:killed_by":{"minecraft:zombie":2,"sanitydim:rotting_stalker":1},"minecraft:custom":{"lootr:looted_stat":3,"minecraft:interact_with_furnace":4,"minecraft:mob_kills":37,"minecraft:interact_with_crafting_table":9,"minecraft:interact_with_campfire":8,"minecraft:damage_dealt_resisted":1027,"minecraft:time_since_death":5206,"minecraft:leave_game":3,"minecraft:climb_one_cm":2235,"minecraft:time_since_rest":5295,"minecraft:sprint_one_cm":142578,"minecraft:damage_taken":1621,"minecraft:walk_one_cm":110543,"minecraft:drop":29,"minecraft:damage_dealt":2878,"minecraft:swim_one_cm":2922,"minecraft:fly_one_cm":250633,"minecraft:open_chest":1,"minecraft:crouch_one_cm":4205,"minecraft:play_time":68885,"minecraft:deaths":4,"minecraft:sneak_time":1323,"minecraft:walk_under_water_one_cm":2046,"minecraft:jump":889,"minecraft:walk_on_water_one_cm":2918,"minecraft:total_world_time":68885,"minecraft:fall_one_cm":20672}},"DataVersion":3465}