{"stats":{"minecraft:crafted":{"minecraft:crafting_table":1,"minecraft:spruce_planks":76,"minecraft:stick":8,"minecraft:wooden_pickaxe":1,"minecraft:stone_pickaxe":1,"minecraft:stone_axe":1},"minecraft:mined":{"minecraft:coarse_dirt":3,"minecraft:furnace":1,"minecraft:fire":17,"minecraft:spruce_log":33,"minecraft:torch":4,"minecraft:crafting_table":1,"minecraft:calcite":4,"minecraft:glass":2,"minecraft:smooth_basalt":3,"minecraft:stone":11,"minecraft:wall_torch":9},"minecraft:picked_up":{"minecraft:crafting_table":1,"minecraft:stick":13,"minecraft:coarse_dirt":3,"minecraft:smooth_basalt":6,"butchersdelightfoods:legcow":1,"minecraft:leather":4,"minecraft:torch":13,"minecraft:potion":6,"minecraft:spruce_sapling":18,"minecraft:gunpowder":2,"minecraft:spruce_log":33,"minecraft:spider_eye":1,"tacz:ammo":10,"quark:clear_shard":6,"minecraft:rotten_flesh":14,"minecraft:beef":1,"minecraft:iron_ingot":3,"minecraft:calcite":4,"minecraft:iron_nugget":3,"minecraft:cobblestone":11,"minecraft:furnace":1},"minecraft:dropped":{"quark:clear_shard":6,"alexsmobs:animal_dictionary":1,"minecraft:spruce_planks":32,"minecraft:rotten_flesh":14,"minecraft:spider_eye":1,"minecraft:wooden_pickaxe":1,"minecraft:smooth_basalt":6},"minecraft:killed":{"spore:inf_human":1,"minecraft:zombie":17,"alexsmobs:fly":1,"zombie_island:walker_2":1,"zombie_island:hazmat_walker":1,"zombie_island:shambler_4":1},"minecraft:used":{"minecraft:calcite":28,"minecraft:lava_bucket":1,"minecraft:stone_pickaxe":7,"minecraft:glass_bottle":2,"minecraft:bread":10,"minecraft:quartz_block":1,"minecraft:leather_helmet":1,"minecraft:wooden_pickaxe":16,"minecraft:stone_axe":5,"minecraft:potion":6,"minecraft:oak_slab":8,"minecraft:crafting_table":1,"minecraft:campfire":1,"spartanweaponry:iron_katana":10,"minecraft:coarse_dirt":3},"minecraft:killed_by":{"sanitydim:rotting_stalker":1,"minecraft:zombie":1},"minecraft:custom":{"minecraft:time_since_rest":12457,"lootr:looted_stat":1,"minecraft:sprint_one_cm":119478,"minecraft:damage_taken":864,"minecraft:walk_one_cm":88013,"minecraft:mob_kills":22,"minecraft:drop":24,"minecraft:damage_dealt":671,"minecraft:swim_one_cm":2922,"minecraft:interact_with_crafting_table":7,"minecraft:fly_one_cm":220943,"minecraft:crouch_one_cm":3289,"minecraft:play_time":56885,"minecraft:interact_with_campfire":6,"minecraft:deaths":3,"minecraft:sneak_time":1063,"minecraft:walk_under_water_one_cm":2046,"minecraft:damage_dealt_resisted":748,"minecraft:jump":780,"minecraft:walk_on_water_one_cm":2918,"minecraft:leave_game":3,"minecraft:time_since_death":12378,"minecraft:climb_one_cm":1788,"minecraft:total_world_time":56885,"minecraft:fall_one_cm":18338}},"DataVersion":3465}