{"stats":{"minecraft:custom":{"minecraft:time_since_rest":15184,"minecraft:crouch_one_cm":22,"minecraft:sprint_one_cm":14324,"minecraft:play_time":15184,"minecraft:damage_taken":129,"minecraft:walk_one_cm":7576,"minecraft:sneak_time":41,"minecraft:walk_under_water_one_cm":1870,"minecraft:mob_kills":1,"minecraft:drop":1,"minecraft:jump":111,"minecraft:damage_dealt_resisted":36,"minecraft:damage_dealt":200,"minecraft:leave_game":2,"minecraft:walk_on_water_one_cm":2672,"minecraft:time_since_death":15184,"minecraft:total_world_time":15184,"minecraft:swim_one_cm":1055,"minecraft:fall_one_cm":1828,"minecraft:fly_one_cm":34557},"minecraft:dropped":{"alexsmobs:animal_dictionary":1},"minecraft:picked_up":{"minecraft:coarse_dirt":3,"minecraft:stick":2,"tacz:ammo":2,"minecraft:spruce_sapling":3,"minecraft:spruce_log":19},"minecraft:killed":{"minecraft:zombie":1},"minecraft:mined":{"minecraft:coarse_dirt":3,"minecraft:spruce_log":19},"minecraft:used":{"minecraft:bread":1,"minecraft:campfire":1,"spartanweaponry:iron_katana":6,"minecraft:coarse_dirt":3}},"DataVersion":3465}