{"stats":{"minecraft:broken":{"minecraft:stone_pickaxe":1},"minecraft:crafted":{"minecraft:crafting_table":1,"minecraft:spruce_planks":76,"minecraft:wooden_pickaxe":1,"minecraft:campfire":2,"minecraft:stone_axe":1,"minecraft:air":0,"minecraft:charcoal":2,"minecraft:stick":16,"minecraft:stone_pickaxe":6},"minecraft:mined":{"minecraft:crafting_table":1,"minecraft:torch":4,"minecraft:grass_block":1,"minecraft:calcite":4,"minecraft:cobblestone":8,"minecraft:glass":2,"minecraft:copper_ore":54,"minecraft:wall_torch":9,"minecraft:coarse_dirt":3,"minecraft:furnace":1,"minecraft:iron_ore":14,"minecraft:fire":17,"minecraft:spruce_log":33,"minecraft:deepslate_iron_ore":6,"minecraft:dirt":2,"minecraft:smooth_basalt":3,"minecraft:stone":137},"minecraft:picked_up":{"minecraft:coarse_dirt":3,"minecraft:crafting_table":1,"minecraft:cooked_beef":1,"butchersdelightfoods:legcow":1,"minecraft:leather":4,"minecraft:potion":11,"lrarmor:armored_chemical_leggings":1,"minecraft:gunpowder":5,"minecraft:paper":1,"minecraft:dirt":7,"minecraft:string":5,"minecraft:moss_carpet":1,"minecraft:raw_copper":174,"tacz:ammo":47,"minecraft:bone":10,"spartanweaponry:iron_greatsword":1,"minecraft:iron_ingot":9,"minecraft:beef":1,"minecraft:calcite":4,"spore:mutated_fiber":8,"minecraft:iron_nugget":13,"minecraft:flowering_azalea":1,"minecraft:furnace":1,"minecraft:raw_iron":20,"minecraft:stick":15,"minecraft:smooth_basalt":6,"minecraft:copper_ingot":2,"minecraft:torch":14,"minecraft:spruce_stairs":1,"minecraft:spruce_sapling":18,"minecraft:diorite":1,"minecraft:spruce_log":33,"butchersdelightfoods:cooked_leg_cow":1,"minecraft:spider_eye":2,"quark:clear_shard":6,"minecraft:rotten_flesh":51,"minecraft:cobblestone":174},"minecraft:dropped":{"alexsmobs:animal_dictionary":1,"minecraft:cobblestone":20,"minecraft:rotten_flesh":48,"minecraft:dirt":6,"quark:clear_shard":6,"minecraft:spruce_planks":32,"minecraft:spider_eye":2,"minecraft:flowering_azalea":1,"minecraft:wooden_pickaxe":1,"minecraft:string":5,"minecraft:bone":11,"minecraft:smooth_basalt":6},"minecraft:killed":{"zombie_island:walker_3":1,"spore:inf_pillager":1,"spore:inf_villager":1,"minecraft:zombie":24,"spore:inf_human":10,"alexsmobs:fly":1,"spore:inf_husk":4,"zombie_island:walker_2":1,"zombie_island:hazmat_walker":2,"zombie_island:shambler_4":1},"minecraft:used":{"minecraft:calcite":28,"minecraft:moss_carpet":1,"minecraft:glass_bottle":11,"minecraft:stone_pickaxe":217,"minecraft:wooden_pickaxe":16,"minecraft:rotten_flesh":1,"butchersdelightfoods:cooked_leg_cow":1,"minecraft:salmon":8,"minecraft:torch":14,"minecraft:dirt":1,"minecraft:oak_slab":8,"minecraft:crafting_table":2,"minecraft:spruce_stairs":1,"spartanweaponry:iron_katana":79,"minecraft:campfire":3,"minecraft:lava_bucket":1,"minecraft:bread":16,"minecraft:quartz_block":1,"minecraft:leather_helmet":1,"minecraft:stone_axe":5,"minecraft:cobblestone":8,"minecraft:potion":15,"minecraft:furnace":1,"minecraft:cooked_beef":1,"minecraft:coarse_dirt":3,"spartanweaponry:iron_greatsword":3},"minecraft:killed_by":{"minecraft:zombie":2,"sanitydim:rotting_stalker":1},"minecraft:custom":{"lootr:looted_stat":3,"minecraft:interact_with_furnace":4,"minecraft:mob_kills":48,"minecraft:interact_with_crafting_table":15,"minecraft:interact_with_campfire":13,"minecraft:damage_dealt_resisted":1041,"minecraft:time_since_death":29206,"minecraft:leave_game":3,"minecraft:climb_one_cm":2235,"minecraft:time_since_rest":29295,"minecraft:sprint_one_cm":174308,"minecraft:damage_taken":1927,"minecraft:walk_one_cm":145914,"minecraft:drop":43,"minecraft:damage_dealt":2911,"minecraft:swim_one_cm":2922,"minecraft:fly_one_cm":295121,"minecraft:open_chest":1,"minecraft:crouch_one_cm":4766,"minecraft:play_time":92885,"minecraft:deaths":4,"minecraft:sneak_time":1490,"minecraft:walk_under_water_one_cm":2105,"minecraft:jump":1152,"minecraft:walk_on_water_one_cm":3055,"minecraft:total_world_time":92885,"minecraft:fall_one_cm":27376}},"DataVersion":3465}