{"stats":{"minecraft:broken":{"minecraft:stone_pickaxe":1},"minecraft:crafted":{"minecraft:cooked_chicken":1,"minecraft:furnace":4,"minecraft:cooked_mutton":1,"minecraft:iron_boots":1,"minecraft:stone_pickaxe":6,"minecraft:cooked_beef":15,"minecraft:crafting_table":2,"minecraft:spruce_planks":140,"tacz:ammo_box":1,"minecraft:wooden_pickaxe":1,"minecraft:campfire":3,"minecraft:stone_axe":1,"butchersdelightfoods:cookedsheeprack":1,"minecraft:air":0,"minecraft:charcoal":37,"minecraft:stick":16,"minecraft:iron_ingot":20,"butchersdelightfoods:cooked_sheeploin":1,"minecraft:iron_leggings":1,"minecraft:white_bed":1,"minecraft:shears":1,"butchersdelightfoods:cookedporkloin":1},"minecraft:mined":{"minecraft:white_bed":1,"projectvibrantjourneys:rocks":1,"minecraft:grass_block":6,"minecraft:furnace":9,"minecraft:iron_ore":14,"minecraft:fire":17,"minecraft:deepslate_iron_ore":6,"projectvibrantjourneys:ice_chunks":1,"minecraft:stone":144,"projectvibrantjourneys:icicle":1,"projectvibrantjourneys:cattail":1,"minecraft:glass_pane":1,"minecraft:spruce_door":1,"minecraft:crafting_table":2,"minecraft:torch":4,"projectvibrantjourneys:twigs":3,"minecraft:calcite":4,"minecraft:campfire":1,"minecraft:glass":2,"minecraft:copper_ore":54,"minecraft:cobblestone":12,"minecraft:deepslate_coal_ore":7,"minecraft:wall_torch":11,"minecraft:coarse_dirt":3,"minecraft:ice":2,"minecraft:spruce_log":112,"minecraft:grass":2,"projectvibrantjourneys:short_grass":3,"minecraft:dirt":9,"minecraft:smooth_basalt":3},"minecraft:picked_up":{"minecraft:charcoal":2,"minecraft:crafting_table":2,"minecraft:coarse_dirt":3,"butchersdelightfoods:legcow":1,"minecraft:chicken":1,"minecraft:leather_leggings":2,"minecraft:potion":26,"minecraft:string":5,"minecraft:moss_carpet":1,"minecraft:raw_copper":174,"tacz:ammo":49,"butchersdelightfoods:cookedporkribs":2,"butchersdelightfoods:sheeploin":1,"minecraft:beef":16,"minecraft:calcite":4,"minecraft:iron_nugget":13,"butchersdelightfoods:porkribs":2,"minecraft:furnace":9,"minecraft:stick":22,"minecraft:raw_iron":20,"minecraft:copper_ingot":2,"minecraft:torch":15,"minecraft:spruce_stairs":1,"minecraft:porkchop":2,"minecraft:diorite":1,"butchersdelightfoods:cooked_leg_cow":1,"quark:clear_shard":6,"minecraft:rotten_flesh":54,"butchersdelightfoods:sheeprack":1,"minecraft:mutton":1,"minecraft:white_wool":7,"minecraft:cobblestone":185,"minecraft:feather":1,"minecraft:cooked_beef":3,"projectvibrantjourneys:icicle":1,"minecraft:leather":6,"alexsmobs:bison_fur":4,"lrarmor:armored_chemical_leggings":1,"minecraft:gunpowder":7,"minecraft:paper":2,"minecraft:dirt":18,"minecraft:leather_boots":1,"minecraft:bone":11,"spartanweaponry:iron_greatsword":1,"minecraft:wheat_seeds":1,"minecraft:iron_ingot":10,"spore:mutated_fiber":8,"minecraft:flowering_azalea":1,"minecraft:smooth_basalt":6,"minecraft:cooked_porkchop":2,"butchersdelightfoods:porkloin":1,"minecraft:spruce_sapling":24,"minecraft:white_bed":1,"minecraft:spruce_log":112,"minecraft:spruce_door":1,"minecraft:spider_eye":2,"minecraft:spruce_fence_gate":1,"minecraft:iron_helmet":1,"minecraft:coal":7},"minecraft:dropped":{"minecraft:wheat_seeds":1,"minecraft:feather":1,"minecraft:iron_helmet":1,"minecraft:cobblestone":20,"alexsmobs:bison_fur":4,"minecraft:leather_helmet":1,"minecraft:dirt":12,"projectvibrantjourneys:icicle":1,"quark:clear_shard":6,"minecraft:diorite":1,"spartanweaponry:iron_greatsword":1,"minecraft:flowering_azalea":1,"minecraft:paper":2,"minecraft:string":5,"minecraft:bone":14,"minecraft:smooth_basalt":6,"alexsmobs:animal_dictionary":1,"minecraft:rotten_flesh":50,"minecraft:leather_chestplate":1,"minecraft:spruce_planks":32,"minecraft:leather_boots":2,"minecraft:leather_leggings":3,"minecraft:spider_eye":2,"minecraft:stone_pickaxe":1,"minecraft:wooden_pickaxe":1},"minecraft:killed":{"minecraft:chicken":1,"alexsmobs:bison":2,"zombie_island:hazmat_walker":2,"zombie_island:shambler_4":1,"spore:inf_player":1,"zombie_island:walker_3":1,"spore:inf_pillager":1,"minecraft:sheep":3,"spore:inf_villager":1,"spore:inf_human":11,"minecraft:zombie":28,"minecraft:stray":2,"alexsmobs:fly":1,"spore:inf_husk":4,"zombie_island:walker_2":1},"minecraft:used":{"minecraft:moss_carpet":1,"butchersdelightfoods:cookedporkloin":1,"minecraft:shield":1,"minecraft:cooked_chicken":1,"minecraft:rotten_flesh":1,"butchersdelightfoods:cooked_leg_cow":1,"minecraft:iron_chestplate":1,"minecraft:torch":15,"minecraft:dirt":6,"minecraft:spruce_stairs":1,"minecraft:lava_bucket":1,"minecraft:quartz_block":1,"minecraft:furnace":9,"minecraft:cooked_beef":11,"spartanweaponry:iron_greatsword":15,"minecraft:calcite":28,"minecraft:cooked_mutton":1,"minecraft:spruce_door":1,"minecraft:glass_bottle":26,"minecraft:stone_pickaxe":255,"minecraft:wooden_pickaxe":16,"minecraft:spruce_fence_gate":1,"minecraft:salmon":12,"minecraft:oak_slab":8,"minecraft:crafting_table":4,"minecraft:white_bed":1,"minecraft:campfire":4,"spartanweaponry:iron_katana":87,"minecraft:bread":16,"minecraft:leather_helmet":1,"minecraft:stone_axe":23,"butchersdelightfoods:cookedsheeprack":1,"minecraft:cobblestone":66,"minecraft:potion":34,"minecraft:cooked_porkchop":1,"minecraft:coarse_dirt":3,"minecraft:air":3,"butchersdelightfoods:cooked_sheeploin":1},"minecraft:killed_by":{"spore:inf_human":1,"sanitydim:rotting_stalker":1,"minecraft:zombie":6},"minecraft:custom":{"lootr:looted_stat":5,"minecraft:mob_kills":66,"minecraft:interact_with_crafting_table":24,"minecraft:interact_with_campfire":32,"minecraft:damage_dealt_resisted":1160,"minecraft:leave_game":5,"minecraft:time_since_death":8570,"minecraft:climb_one_cm":2662,"minecraft:sprint_one_cm":294137,"minecraft:walk_one_cm":228241,"minecraft:damage_blocked_by_shield":63,"minecraft:drop":69,"minecraft:play_time":152571,"minecraft:deaths":11,"minecraft:sneak_time":2558,"minecraft:walk_under_water_one_cm":5151,"minecraft:jump":2127,"minecraft:walk_on_water_one_cm":11760,"minecraft:total_world_time":152571,"minecraft:interact_with_furnace":86,"spartanshields:shield_bash_hits":2,"minecraft:sleep_in_bed":2,"minecraft:time_since_rest":8604,"minecraft:damage_taken":4395,"minecraft:damage_dealt":4209,"minecraft:swim_one_cm":10797,"minecraft:fly_one_cm":522405,"minecraft:open_chest":1,"minecraft:crouch_one_cm":7148,"minecraft:fall_one_cm":46293}},"DataVersion":3465}