{
  "takesapillage:root": {
    "criteria": {
      "always": "2024-07-18 02:51:56 +0000"
    },
    "done": true
  },
  "cold_sweat:recipes/thermolith": {
    "criteria": {
      "has_recipe": "2024-07-18 02:51:56 +0000"
    },
    "done": true
  },
  "cold_sweat:recipes/hoglin_armor": {
    "criteria": {
      "has_chest_recipe": "2024-07-18 02:51:56 +0000"
    },
    "done": true
  },
  "betterdungeons:root": {
    "criteria": {
      "always": "2024-07-18 02:51:56 +0000"
    },
    "done": true
  },
  "cold_sweat:recipes/soulspring_lamp": {
    "criteria": {
      "has_recipe": "2024-07-18 02:51:56 +0000"
    },
    "done": true
  },
  "parcool:grant_parcool_guide": {
    "criteria": {
      "tick": "2024-07-18 02:51:56 +0000"
    },
    "done": true
  },
  "cold_sweat:recipes/waterskin": {
    "criteria": {
      "has_recipe": "2024-07-18 02:51:56 +0000"
    },
    "done": true
  },
  "farmersdelight:main/root": {
    "criteria": {
      "seeds": "2024-07-18 02:51:56 +0000"
    },
    "done": true
  },
  "cold_sweat:root": {
    "criteria": {
      "requirement": "2024-07-18 02:51:56 +0000"
    },
    "done": true
  },
  "cold_sweat:recipes/thermometer": {
    "criteria": {
      "has_recipe": "2024-07-18 02:51:56 +0000"
    },
    "done": true
  },
  "cold_sweat:extreme_temps": {
    "criteria": {
      "requirement": "2024-07-18 02:51:56 +0000"
    },
    "done": true
  },
  "spartanweaponry:katana": {
    "criteria": {
      "has_katana": "2024-07-18 02:51:57 +0000"
    },
    "done": true
  },
  "minecraft:story/root": {
    "criteria": {
      "crafting_table": "2024-07-19 19:09:17 +0000"
    },
    "done": true
  },
  "cavernous:root": {
    "criteria": {
      "makepickaxe": "2024-07-19 19:09:26 +0000"
    },
    "done": true
  },
  "cavernous:geology_rocks": {
    "criteria": {
      "cobblestone": "2024-07-19 19:10:30 +0000",
      "cobbled_deepslate": "2024-07-20 01:12:55 +0000",
      "andesite": "2024-07-19 20:04:19 +0000"
    },
    "done": false
  },
  "minecraft:story/mine_stone": {
    "criteria": {
      "get_stone": "2024-07-19 19:10:30 +0000"
    },
    "done": true
  },
  "minecraft:story/upgrade_tools": {
    "criteria": {
      "stone_pickaxe": "2024-07-19 19:11:02 +0000"
    },
    "done": true
  },
  "minecraft:husbandry/balanced_diet": {
    "criteria": {
      "cooked_porkchop": "2024-07-19 19:41:36 +0000",
      "apple": "2024-07-19 19:12:03 +0000",
      "bread": "2024-07-19 19:24:22 +0000"
    },
    "done": false
  },
  "minecraft:husbandry/root": {
    "criteria": {
      "consumed_item": "2024-07-19 19:12:03 +0000"
    },
    "done": true
  },
  "minecraft:adventure/root": {
    "criteria": {
      "killed_something": "2024-07-19 19:12:14 +0000"
    },
    "done": true
  },
  "minecraft:adventure/adventuring_time": {
    "criteria": {
      "minecraft:old_growth_pine_taiga": "2024-07-19 19:41:21 +0000",
      "minecraft:cherry_grove": "2024-07-20 01:27:58 +0000",
      "minecraft:birch_forest": "2024-07-19 19:27:10 +0000",
      "minecraft:dark_forest": "2024-07-19 19:25:25 +0000",
      "minecraft:river": "2024-07-19 19:14:02 +0000",
      "minecraft:forest": "2024-07-19 19:45:07 +0000",
      "minecraft:old_growth_spruce_taiga": "2024-07-19 19:40:19 +0000",
      "minecraft:meadow": "2024-07-20 01:38:26 +0000",
      "minecraft:plains": "2024-07-19 19:47:03 +0000"
    },
    "done": false
  },
  "betterdungeons:all_dungeons": {
    "criteria": {
      "in_better_monster_room": "2024-07-19 19:56:27 +0000",
      "in_better_spider_dungeon": "2024-07-19 19:14:56 +0000"
    },
    "done": false
  },
  "betterdungeons:spider_dungeon": {
    "criteria": {
      "in_better_spider_dungeon": "2024-07-19 19:14:56 +0000"
    },
    "done": true
  },
  "burnt:enter_geothermal": {
    "criteria": {
      "enter_geothermal_0": "2024-07-19 19:15:34 +0000"
    },
    "done": true
  },
  "minecraft:adventure/kill_all_mobs": {
    "criteria": {
      "minecraft:pillager": "2024-07-20 01:31:38 +0000",
      "minecraft:zombie": "2024-07-19 19:25:06 +0000"
    },
    "done": false
  },
  "minecraft:adventure/kill_a_mob": {
    "criteria": {
      "minecraft:zombie": "2024-07-19 19:25:06 +0000"
    },
    "done": true
  },
  "cavernous:spelunkage": {
    "criteria": {
      "cobblestone": "2024-07-19 19:30:39 +0000",
      "granite": "2024-07-19 19:27:51 +0000",
      "lapis": "2024-07-20 01:18:56 +0000",
      "andesite": "2024-07-19 19:27:21 +0000"
    },
    "done": false
  },
  "dungeons_plus:adventure/find_tower": {
    "criteria": {
      "in_structure": "2024-07-19 19:31:49 +0000"
    },
    "done": true
  },
  "minecraft:story/smelt_iron": {
    "criteria": {
      "iron": "2024-07-19 19:36:22 +0000"
    },
    "done": true
  },
  "burnt:pyromaniac": {
    "criteria": {
      "pyromaniac_0": "2024-07-19 19:38:44 +0000"
    },
    "done": true
  },
  "minecraft:adventure/sleep_in_bed": {
    "criteria": {
      "slept_in_bed": "2024-07-19 19:39:23 +0000"
    },
    "done": true
  },
  "takesapillage:bastille": {
    "criteria": {
      "in_bastille": "2024-07-19 19:47:44 +0000"
    },
    "done": true
  },
  "betterdungeons:small_dungeon": {
    "criteria": {
      "in_better_monster_room": "2024-07-19 19:56:27 +0000"
    },
    "done": true
  },
  "minecraft:story/iron_tools": {
    "criteria": {
      "iron_pickaxe": "2024-07-19 20:00:25 +0000"
    },
    "done": true
  },
  "the_pillager_legion_:achiv_kill_1_legionnaire_tpl": {
    "criteria": {
      "achiv_kill_1_legionnaire_tpl_0": "2024-07-19 20:05:55 +0000"
    },
    "done": true
  },
  "the_pillager_legion_:achiv_get_axe_tpl": {
    "criteria": {
      "achiv_get_axe_tpl_0": "2024-07-19 20:06:44 +0000"
    },
    "done": true
  },
  "the_pillager_legion_:achiv_kill_10_legionnaire_tpl": {
    "criteria": {
      "achiv_kill_10_legionnaire_tpl_0": "2024-07-19 20:11:40 +0000"
    },
    "done": true
  },
  "the_pillager_legion_:achiv_get_legion_armor": {
    "criteria": {
      "achiv_get_legion_armor_3": "2024-07-19 20:12:28 +0000",
      "achiv_get_legion_armor_0": "2024-07-19 20:12:28 +0000",
      "achiv_get_legion_armor_1": "2024-07-19 20:16:57 +0000"
    },
    "done": false
  },
  "spartanweaponry:battleaxe": {
    "criteria": {
      "has_battleaxe": "2024-07-19 20:12:28 +0000"
    },
    "done": true
  },
  "the_pillager_legion_:achiv_kill_25_legionnaire_tpl": {
    "criteria": {
      "achiv_kill_25_legionnaire_tpl_0": "2024-07-19 20:15:59 +0000"
    },
    "done": true
  },
  "the_pillager_legion_:achiv_get_legion_sword": {
    "criteria": {
      "achiv_get_legion_sword_0": "2024-07-19 20:16:49 +0000"
    },
    "done": true
  },
  "cavernous:delver": {
    "criteria": {
      "spelunk": "2024-07-19 20:21:25 +0000"
    },
    "done": true
  },
  "the_pillager_legion_:achiv_kill_50_legionnaire_tpl": {
    "criteria": {
      "achiv_kill_50_legionnaire_tpl_0": "2024-07-20 01:16:50 +0000"
    },
    "done": true
  },
  "minecraft:story/deflect_arrow": {
    "criteria": {
      "deflected_projectile": "2024-07-20 01:31:34 +0000"
    },
    "done": true
  },
  "minecraft:story/obtain_armor": {
    "criteria": {
      "iron_leggings": "2024-07-20 02:02:15 +0000"
    },
    "done": true
  },
  "lootr:root": {
    "criteria": {
      "always_true": "2024-07-20 18:16:43 +0000"
    },
    "done": true
  },
  "DataVersion": 3465
}