{
  "takesapillage:root": {
    "criteria": {
      "always": "2024-07-19 19:12:10 +0000"
    },
    "done": true
  },
  "cold_sweat:recipes/thermolith": {
    "criteria": {
      "has_recipe": "2024-07-19 19:12:10 +0000"
    },
    "done": true
  },
  "spartanweaponry:katana": {
    "criteria": {
      "has_katana": "2024-07-19 19:12:10 +0000"
    },
    "done": true
  },
  "cold_sweat:recipes/hoglin_armor": {
    "criteria": {
      "has_boots_recipe": "2024-07-19 19:12:10 +0000"
    },
    "done": true
  },
  "betterdungeons:root": {
    "criteria": {
      "always": "2024-07-19 19:12:10 +0000"
    },
    "done": true
  },
  "cold_sweat:recipes/soulspring_lamp": {
    "criteria": {
      "has_recipe": "2024-07-19 19:12:10 +0000"
    },
    "done": true
  },
  "parcool:grant_parcool_guide": {
    "criteria": {
      "tick": "2024-07-19 19:12:10 +0000"
    },
    "done": true
  },
  "cold_sweat:recipes/waterskin": {
    "criteria": {
      "has_recipe": "2024-07-19 19:12:10 +0000"
    },
    "done": true
  },
  "farmersdelight:main/root": {
    "criteria": {
      "seeds": "2024-07-19 19:12:10 +0000"
    },
    "done": true
  },
  "cold_sweat:root": {
    "criteria": {
      "requirement": "2024-07-19 19:12:10 +0000"
    },
    "done": true
  },
  "cold_sweat:recipes/thermometer": {
    "criteria": {
      "has_recipe": "2024-07-19 19:12:10 +0000"
    },
    "done": true
  },
  "cold_sweat:extreme_temps": {
    "criteria": {
      "requirement": "2024-07-19 19:12:10 +0000"
    },
    "done": true
  },
  "minecraft:adventure/root": {
    "criteria": {
      "killed_something": "2024-07-19 19:14:15 +0000"
    },
    "done": true
  },
  "minecraft:adventure/kill_all_mobs": {
    "criteria": {
      "minecraft:witch": "2024-07-19 19:47:31 +0000",
      "minecraft:zombie": "2024-07-19 19:14:15 +0000"
    },
    "done": false
  },
  "minecraft:adventure/kill_a_mob": {
    "criteria": {
      "minecraft:zombie": "2024-07-19 19:14:15 +0000"
    },
    "done": true
  },
  "betterdungeons:all_dungeons": {
    "criteria": {
      "in_better_monster_room": "2024-07-19 19:56:00 +0000",
      "in_better_spider_dungeon": "2024-07-19 19:14:43 +0000"
    },
    "done": false
  },
  "betterdungeons:spider_dungeon": {
    "criteria": {
      "in_better_spider_dungeon": "2024-07-19 19:14:43 +0000"
    },
    "done": true
  },
  "minecraft:husbandry/balanced_diet": {
    "criteria": {
      "cooked_porkchop": "2024-07-19 19:33:26 +0000",
      "apple": "2024-07-20 01:14:19 +0000",
      "bread": "2024-07-19 19:16:21 +0000",
      "golden_apple": "2024-07-20 19:12:33 +0000"
    },
    "done": false
  },
  "minecraft:husbandry/root": {
    "criteria": {
      "consumed_item": "2024-07-19 19:16:21 +0000"
    },
    "done": true
  },
  "minecraft:adventure/adventuring_time": {
    "criteria": {
      "minecraft:old_growth_pine_taiga": "2024-07-19 19:41:13 +0000",
      "minecraft:cherry_grove": "2024-07-19 19:53:33 +0000",
      "minecraft:dark_forest": "2024-07-19 19:25:25 +0000",
      "minecraft:river": "2024-07-19 19:23:23 +0000",
      "minecraft:dripstone_caves": "2024-07-20 19:14:32 +0000",
      "minecraft:forest": "2024-07-19 19:45:02 +0000",
      "minecraft:old_growth_spruce_taiga": "2024-07-19 19:40:12 +0000",
      "minecraft:plains": "2024-07-19 19:47:03 +0000"
    },
    "done": false
  },
  "burnt:enter_geothermal": {
    "criteria": {
      "enter_geothermal_0": "2024-07-19 19:23:28 +0000"
    },
    "done": true
  },
  "minecraft:story/root": {
    "criteria": {
      "crafting_table": "2024-07-19 19:25:56 +0000"
    },
    "done": true
  },
  "cavernous:root": {
    "criteria": {
      "makepickaxe": "2024-07-19 19:26:27 +0000"
    },
    "done": true
  },
  "cavernous:geology_rocks": {
    "criteria": {
      "cobblestone": "2024-07-19 19:26:32 +0000",
      "tuff": "2024-07-20 19:16:26 +0000",
      "cobbled_deepslate": "2024-07-19 20:22:11 +0000",
      "andesite": "2024-07-19 19:58:04 +0000"
    },
    "done": false
  },
  "minecraft:story/mine_stone": {
    "criteria": {
      "get_stone": "2024-07-19 19:26:32 +0000"
    },
    "done": true
  },
  "minecraft:story/upgrade_tools": {
    "criteria": {
      "stone_pickaxe": "2024-07-19 19:26:52 +0000"
    },
    "done": true
  },
  "cavernous:spelunkage": {
    "criteria": {
      "": "2024-07-20 18:50:45 +0000",
      "diamond": "2024-07-20 01:12:55 +0000",
      "cobblestone": "2024-07-19 19:32:57 +0000",
      "granite": "2024-07-19 19:57:21 +0000",
      "tuff": "2024-07-20 18:39:48 +0000",
      "lapis": "2024-07-20 19:20:43 +0000",
      "andesite": "2024-07-19 19:28:53 +0000"
    },
    "done": false
  },
  "dungeons_plus:adventure/find_tower": {
    "criteria": {
      "in_structure": "2024-07-19 19:31:51 +0000"
    },
    "done": true
  },
  "minecraft:story/smelt_iron": {
    "criteria": {
      "iron": "2024-07-19 19:37:42 +0000"
    },
    "done": true
  },
  "burnt:pyromaniac": {
    "criteria": {
      "pyromaniac_0": "2024-07-19 19:38:31 +0000"
    },
    "done": true
  },
  "alexsmobs:alexsmobs/banana_slug": {
    "criteria": {
      "killed_by": "2024-07-19 19:44:23 +0000"
    },
    "done": true
  },
  "takesapillage:bastille": {
    "criteria": {
      "in_bastille": "2024-07-19 19:47:39 +0000"
    },
    "done": true
  },
  "betterdungeons:small_dungeon": {
    "criteria": {
      "in_better_monster_room": "2024-07-19 19:56:00 +0000"
    },
    "done": true
  },
  "the_pillager_legion_:achiv_kill_1_legionnaire_tpl": {
    "criteria": {
      "achiv_kill_1_legionnaire_tpl_0": "2024-07-19 20:01:06 +0000"
    },
    "done": true
  },
  "spore:spore": {
    "criteria": {
      "requirement": "2024-07-19 20:04:00 +0000"
    },
    "done": true
  },
  "the_pillager_legion_:achiv_kill_10_legionnaire_tpl": {
    "criteria": {
      "achiv_kill_10_legionnaire_tpl_0": "2024-07-19 20:04:41 +0000"
    },
    "done": true
  },
  "minecraft:story/iron_tools": {
    "criteria": {
      "iron_pickaxe": "2024-07-19 20:11:40 +0000"
    },
    "done": true
  },
  "spartanweaponry:battleaxe": {
    "criteria": {
      "has_battleaxe": "2024-07-19 20:12:49 +0000"
    },
    "done": true
  },
  "the_pillager_legion_:achiv_get_axe_tpl": {
    "criteria": {
      "achiv_get_axe_tpl_0": "2024-07-19 20:13:01 +0000"
    },
    "done": true
  },
  "the_pillager_legion_:achiv_get_legion_armor": {
    "criteria": {
      "achiv_get_legion_armor_2": "2024-07-20 19:19:00 +0000",
      "achiv_get_legion_armor_3": "2024-07-19 20:13:11 +0000",
      "achiv_get_legion_armor_0": "2024-07-20 01:13:54 +0000"
    },
    "done": false
  },
  "cavernous:delver": {
    "criteria": {
      "spelunk": "2024-07-19 20:21:28 +0000"
    },
    "done": true
  },
  "minecraft:story/mine_diamond": {
    "criteria": {
      "diamond": "2024-07-20 01:12:55 +0000"
    },
    "done": true
  },
  "minecraft:story/shiny_gear": {
    "criteria": {
      "diamond_boots": "2024-07-20 01:14:24 +0000"
    },
    "done": true
  },
  "minecraft:story/obtain_armor": {
    "criteria": {
      "iron_chestplate": "2024-07-20 01:15:16 +0000"
    },
    "done": true
  },
  "the_pillager_legion_:achiv_kill_25_legionnaire_tpl": {
    "criteria": {
      "achiv_kill_25_legionnaire_tpl_0": "2024-07-20 01:16:59 +0000"
    },
    "done": true
  },
  "minecraft:adventure/sleep_in_bed": {
    "criteria": {
      "slept_in_bed": "2024-07-20 01:30:25 +0000"
    },
    "done": true
  },
  "lootr:1chest": {
    "criteria": {
      "opened_chest": "2024-07-20 19:18:59 +0000"
    },
    "done": true
  },
  "lootr:social": {
    "criteria": {
      "opened_barrel": "2024-07-20 18:34:58 +0000",
      "opened_chest": "2024-07-20 19:18:59 +0000"
    },
    "done": false
  },
  "cavernous:getting_to_the_point": {
    "criteria": {
      "minecraft:dripstone_caves": "2024-07-20 19:14:32 +0000"
    },
    "done": false
  },
  "minecraft:story/deflect_arrow": {
    "criteria": {
      "deflected_projectile": "2024-07-20 19:38:22 +0000"
    },
    "done": true
  },
  "lootr:root": {
    "criteria": {
      "always_true": "2024-07-20 18:16:46 +0000"
    },
    "done": true
  },
  "quark:mine_toretoise": {
    "criteria": {
      "mine_toretoise": "2024-07-20 19:32:05 +0000"
    },
    "done": true
  },
  "lootr:10loot": {
    "criteria": {
      "loot_stat": "2024-07-20 18:50:40 +0000"
    },
    "done": true
  },
  "lootr:1barrel": {
    "criteria": {
      "opened_barrel": "2024-07-20 18:34:58 +0000"
    },
    "done": true
  },
  "quark:get_diamond_heart": {
    "criteria": {
      "get_diamond_heart": "2024-07-20 19:37:58 +0000"
    },
    "done": true
  },
  "minecraft:story/form_obsidian": {
    "criteria": {
      "obsidian": "2024-07-20 20:25:42 +0000"
    },
    "done": true
  },
  "farmersdelight:main/place_campfire": {
    "criteria": {
      "campfire": "2024-07-20 18:44:44 +0000"
    },
    "done": true
  },
  "cavernous:breaking_ground": {
    "criteria": {
      "spelunk": "2024-07-20 19:14:32 +0000"
    },
    "done": true
  },
  "DataVersion": 3465
}