{
  "cold_sweat:recipes/soulspring_lamp": {
    "criteria": {
      "has_recipe": "2024-10-01 01:52:32 +0000"
    },
    "done": true
  },
  "parcool:grant_parcool_guide": {
    "criteria": {
      "tick": "2024-10-01 01:52:32 +0000"
    },
    "done": true
  },
  "cold_sweat:recipes/waterskin": {
    "criteria": {
      "has_recipe": "2024-10-01 01:52:32 +0000"
    },
    "done": true
  },
  "takesapillage:root": {
    "criteria": {
      "always": "2024-10-01 01:52:32 +0000"
    },
    "done": true
  },
  "farmersdelight:main/root": {
    "criteria": {
      "seeds": "2024-10-01 01:52:32 +0000"
    },
    "done": true
  },
  "cold_sweat:recipes/thermolith": {
    "criteria": {
      "has_recipe": "2024-10-01 01:52:32 +0000"
    },
    "done": true
  },
  "spartanweaponry:katana": {
    "criteria": {
      "has_katana": "2024-10-01 01:52:32 +0000"
    },
    "done": true
  },
  "cold_sweat:root": {
    "criteria": {
      "requirement": "2024-10-01 01:52:32 +0000"
    },
    "done": true
  },
  "cold_sweat:recipes/hoglin_armor": {
    "criteria": {
      "has_boots_recipe": "2024-10-01 01:52:32 +0000"
    },
    "done": true
  },
  "lootr:root": {
    "criteria": {
      "always_true": "2024-10-01 01:52:32 +0000"
    },
    "done": true
  },
  "cold_sweat:recipes/thermometer": {
    "criteria": {
      "has_recipe": "2024-10-01 01:52:32 +0000"
    },
    "done": true
  },
  "cold_sweat:extreme_temps": {
    "criteria": {
      "requirement": "2024-10-01 01:52:32 +0000"
    },
    "done": true
  },
  "minecraft:husbandry/balanced_diet": {
    "criteria": {
      "cooked_porkchop": "2024-10-03 19:58:37 +0000",
      "cooked_mutton": "2024-10-03 19:45:31 +0000",
      "cooked_beef": "2024-10-03 19:12:07 +0000",
      "bread": "2024-10-01 01:56:01 +0000",
      "rotten_flesh": "2024-10-03 19:11:14 +0000",
      "salmon": "2024-10-03 19:28:59 +0000",
      "cooked_chicken": "2024-10-03 19:44:56 +0000"
    },
    "done": false
  },
  "minecraft:husbandry/root": {
    "criteria": {
      "consumed_item": "2024-10-01 01:56:01 +0000"
    },
    "done": true
  },
  "minecraft:adventure/root": {
    "criteria": {
      "killed_something": "2024-10-01 01:56:29 +0000"
    },
    "done": true
  },
  "minecraft:adventure/kill_all_mobs": {
    "criteria": {
      "minecraft:zombie": "2024-10-01 01:56:29 +0000"
    },
    "done": false
  },
  "minecraft:adventure/kill_a_mob": {
    "criteria": {
      "minecraft:zombie": "2024-10-01 01:56:29 +0000"
    },
    "done": true
  },
  "farmersdelight:main/place_campfire": {
    "criteria": {
      "campfire": "2024-10-01 18:50:13 +0000"
    },
    "done": true
  },
  "minecraft:story/lava_bucket": {
    "criteria": {
      "lava_bucket": "2024-10-01 18:57:50 +0000"
    },
    "done": true
  },
  "minecraft:story/shiny_gear": {
    "criteria": {
      "diamond_helmet": "2024-10-03 19:55:21 +0000"
    },
    "done": true
  },
  "lootr:1chest": {
    "criteria": {
      "opened_chest": "2024-10-03 19:01:49 +0000"
    },
    "done": true
  },
  "minecraft:story/obtain_armor": {
    "criteria": {
      "iron_helmet": "2024-10-03 19:51:34 +0000"
    },
    "done": true
  },
  "minecraft:story/mine_stone": {
    "criteria": {
      "get_stone": "2024-10-03 18:41:54 +0000"
    },
    "done": true
  },
  "minecraft:adventure/sleep_in_bed": {
    "criteria": {
      "slept_in_bed": "2024-10-03 19:43:47 +0000"
    },
    "done": true
  },
  "lootr:social": {
    "criteria": {
      "opened_barrel": "2024-10-03 19:03:48 +0000",
      "opened_chest": "2024-10-03 19:01:49 +0000"
    },
    "done": false
  },
  "spartanweaponry:greatsword": {
    "criteria": {
      "has_greatsword": "2024-10-03 19:29:20 +0000"
    },
    "done": true
  },
  "minecraft:story/mine_diamond": {
    "criteria": {
      "diamond": "2024-10-03 19:55:47 +0000"
    },
    "done": true
  },
  "minecraft:story/upgrade_tools": {
    "criteria": {
      "stone_pickaxe": "2024-10-03 18:43:57 +0000"
    },
    "done": true
  },
  "paraglider:root": {
    "criteria": {
      "crafting_table": "2024-10-03 18:40:33 +0000"
    },
    "done": true
  },
  "lootr:1barrel": {
    "criteria": {
      "opened_barrel": "2024-10-03 19:03:48 +0000"
    },
    "done": true
  },
  "minecraft:adventure/walk_on_powder_snow_with_leather_boots": {
    "criteria": {
      "walk_on_powder_snow_with_leather_boots": "2024-10-03 19:54:17 +0000"
    },
    "done": true
  },
  "overworld_netherite_ore:overworld_netherite": {
    "criteria": {
      "overworld_netherite_0": "2024-10-03 18:37:09 +0000"
    },
    "done": true
  },
  "minecraft:story/root": {
    "criteria": {
      "crafting_table": "2024-10-03 18:40:33 +0000"
    },
    "done": true
  },
  "spore:spore": {
    "criteria": {
      "requirement": "2024-10-03 19:31:23 +0000"
    },
    "done": true
  },
  "minecraft:adventure/adventuring_time": {
    "criteria": {
      "minecraft:frozen_river": "2024-10-03 19:02:35 +0000",
      "minecraft:snowy_plains": "2024-10-03 19:02:34 +0000",
      "minecraft:dripstone_caves": "2024-10-03 19:21:47 +0000",
      "minecraft:snowy_taiga": "2024-10-03 19:37:50 +0000",
      "minecraft:forest": "2024-10-03 18:41:51 +0000",
      "minecraft:ice_spikes": "2024-10-03 19:48:39 +0000"
    },
    "done": false
  },
  "minecraft:story/smelt_iron": {
    "criteria": {
      "iron": "2024-10-03 18:47:45 +0000"
    },
    "done": true
  },
  "DataVersion": 3465
}