{
	"level_seeds": [
		{
			"dim": "minecraft:the_end",
			"seed": -5862629843594081786
		},
		{
			"dim": "lostcities:lostcity",
			"seed": -5862629843594081786
		},
		{
			"dim": "minecraft:the_nether",
			"seed": -5862629843594081786
		},
		{
			"dim": "minecraft:overworld",
			"seed": -5862629843594081786
		}
	],
	"structure_seeds": [
		{
			"dim": "minecraft:the_end",
			"seed": -5862629843594081786
		},
		{
			"dim": "lostcities:lostcity",
			"seed": -5862629843594081786
		},
		{
			"dim": "minecraft:the_nether",
			"seed": -5862629843594081786
		},
		{
			"dim": "minecraft:overworld",
			"seed": -5862629843594081786
		}
	]
}